position,amino_acid,appearances,frequency
29,C,1000,1.0
39,S,1000,1.0
42,F,1000,1.0
45,A,1000,1.0
46,F,1000,1.0
49,L,1000,1.0
50,P,1000,1.0
57,A,1000,1.0
58,V,1000,1.0
60,A,1000,1.0
62,Y,1000,1.0
71,F,1000,1.0
72,C,1000,1.0
73,R,1000,1.0
76,D,1000,1.0
77,D,1000,1.0
80,D,1000,1.0
112,L,1000,1.0
174,W,1000,1.0
176,A,1000,1.0
177,L,1000,1.0
205,F,1000,1.0
215,G,1000,1.0
216,Q,1000,1.0
219,D,1000,1.0
257,Y,1000,1.0
259,Y,1000,1.0
261,V,1000,1.0
262,A,1000,1.0
265,V,1000,1.0
266,G,1000,1.0
268,M,1000,1.0
269,L,1000,1.0
271,P,1000,1.0
306,L,1000,1.0
307,G,1000,1.0
309,A,1000,1.0
310,M,1000,1.0
311,Q,1000,1.0
313,T,1000,1.0
314,N,1000,1.0
315,I,1000,1.0
316,L,1000,1.0
317,R,1000,1.0
318,D,1000,1.0
320,G,1000,1.0
321,E,1000,1.0
322,D,1000,1.0
328,R,1000,1.0
330,Y,1000,1.0
332,P,1000,1.0
372,F,1000,1.0
376,W,1000,1.0
377,E,1000,1.0
380,A,1000,1.0
383,A,1000,1.0
387,Y,1000,1.0
425,Y,1000,1.0
428,I,1000,1.0
429,L,1000,1.0
433,R,1000,1.0
438,Y,1000,1.0
448,V,1000,1.0
