System,Replica,Source,Metric,Mean,Std,SEM,Min,Max,Median,CV (%)
CrtM-FSPP,MD,anomalous_high_flexibility,Residue,142.66666666666666,93.33571425534576,31.11190475178192,1.0,283.0,200.0,65.42222961823302
CrtM-FSPP,MD,anomalous_high_flexibility,RMSF,1.3668984553434766,0.24527149228710257,0.08175716409570086,1.1008659415604802,1.8943816234255368,1.2750763468878925,17.94365128794226
CrtM-FSPP,MD,anomalous_high_flexibility,Z_Score,3.1289404776625394,0.990684056274323,0.33022801875810764,2.054399904692525,5.259514886042102,2.7580588150111063,31.661965555011417
CrtM-FSPP,MD,hb_counts,FSPP_Lig1_HB_Count,324.2705555555556,8.0568686860772,0.08492685285630698,295.0,360.0,324.0,2.484613094850315
CrtM-FSPP,MD,hb_counts,FSPP_Lig2_HB_Count,324.2705555555556,8.0568686860772,0.08492685285630698,295.0,360.0,324.0,2.484613094850315
CrtM-FSPP,MD,main_metrics,Protein_RMSD,1.0370865071926205,0.08428013313336333,0.0008883906073455057,0.759621709602918,1.374030980568807,1.0364996782714728,8.126625170498894
CrtM-FSPP,MD,main_metrics,Rg,19.686593298034104,0.0537095262276477,0.0005661481164263933,19.49225263120453,19.90506681534036,19.686169090831807,0.2728228567256028
CrtM-FSPP,MD,main_metrics,FSPP_Lig1_RMSD,1.0482783996152114,0.15357705397233004,0.0016188442896372425,0.4527266761752715,1.7543431177939732,1.0489598632931116,14.65040718464705
CrtM-FSPP,MD,main_metrics,FSPP_Lig2_RMSD,1.2643546406583686,0.3570663339253824,0.0037638096365681982,0.4388900643752543,2.9491579639049657,1.1618969072773466,28.240995243190042
CrtM-FSPP,MD,mg_distances,MG284_FSPP_Lig1,26.65555270643747,1.0070522214566866,0.010615262475118065,25.22634331000985,36.197043757171656,26.464237465071967,3.7780204092840957
CrtM-FSPP,MD,mg_distances,MG284_FSPP_Lig2,21.85901985496506,0.9997056402103648,0.010537822709271881,20.29785628261069,31.35259829392545,21.66237519145828,4.57342390849831
CrtM-FSPP,MD,mg_distances,MG285_FSPP_Lig1,6.616893966575849,0.12412036121351498,0.0013083434847917608,6.103520573864368,7.070214975519745,6.617005534514471,1.8758100377683027
CrtM-FSPP,MD,mg_distances,MG285_FSPP_Lig2,8.985189020095953,0.18475028928871307,0.0019474390417578093,8.235369765280973,9.682644280033228,8.989457933783108,2.0561647492947244
CrtM-FSPP,MD,mg_distances,MG286_FSPP_Lig1,4.043423173195856,0.15309518841371453,0.001613764980666528,3.474493516378577,4.536721711429083,4.046606816876498,3.786276673403704
CrtM-FSPP,MD,mg_distances,MG286_FSPP_Lig2,5.872975386851577,0.14055077154071507,0.0014815352165421097,5.332190831487568,6.423811537963603,5.876648810457091,2.3931782832834663
CrtM-FSPP,MD,rmsf,Residue,155.5,73.90027063549903,4.618766914718689,28.0,283.0,155.5,47.52428979774857
CrtM-FSPP,MD,rmsf,RMSF_CA,0.5856362106757196,0.20143989750705385,0.012589993594190866,0.3064895628740193,1.5288371927776552,0.5314239807620311,34.396762671937275
CrtM-FSPP,MD2,anomalous_high_flexibility,Residue,142.8,56.755264073035555,17.947590367511733,1.0,203.0,147.5,39.74458268419856
CrtM-FSPP,MD2,anomalous_high_flexibility,RMSF,1.5328679591281886,0.23480169825791228,0.07425081649705927,1.306096241034566,1.999199130900602,1.4327621539434943,15.317803262810362
CrtM-FSPP,MD2,anomalous_high_flexibility,Z_Score,2.8962158003224876,0.7961604936626814,0.2517680543018126,2.127283188822225,4.477441399128863,2.556779212488265,27.48968131359654
CrtM-FSPP,MD2,hb_counts,FSPP_Lig1_HB_Count,319.25388888888887,8.54735088192625,0.09009698915845292,290.0,354.0,319.0,2.677289511389794
CrtM-FSPP,MD2,hb_counts,FSPP_Lig2_HB_Count,319.25388888888887,8.54735088192625,0.09009698915845292,290.0,354.0,319.0,2.677289511389794
CrtM-FSPP,MD2,main_metrics,Protein_RMSD,1.1516930818070388,0.10299583958353062,0.0010856714753509499,0.8315897194536755,1.564580265747917,1.1436031946609826,8.942993685603048
CrtM-FSPP,MD2,main_metrics,Rg,19.83188441155313,0.06070384060815505,0.0006398746634719693,19.651212471112306,20.12751451796476,19.828861451156165,0.30609214610383584
CrtM-FSPP,MD2,main_metrics,FSPP_Lig1_RMSD,1.2741771001727527,0.2542306286217625,0.002679826124737211,0.40832034215743,2.267784479900808,1.2590675951785815,19.952534744761458
CrtM-FSPP,MD2,main_metrics,FSPP_Lig2_RMSD,1.353868481215275,0.17062248047374398,0.0017985188610821206,0.6887946497462472,2.7139327139237346,1.3690517537336957,12.602589013711867
CrtM-FSPP,MD2,mg_distances,MG284_FSPP_Lig1,26.038327559207126,0.43700301223031784,0.004606416210007411,24.661875006509177,28.69830359448676,26.007234682410747,1.6783067623549963
CrtM-FSPP,MD2,mg_distances,MG284_FSPP_Lig2,21.406021341089108,0.42008711554761474,0.004428107002735983,20.02417890955608,24.0458642899392,21.376251112027756,1.9624717216424177
CrtM-FSPP,MD2,mg_distances,MG285_FSPP_Lig1,6.7285352228688575,0.13493150250045086,0.0014223029200337654,6.228006203928506,7.237238526263023,6.7243875354005525,2.005362207837561
CrtM-FSPP,MD2,mg_distances,MG285_FSPP_Lig2,8.861891977211648,0.1644305060670013,0.0017332497199528648,8.172254424557513,9.521989160363166,8.859540408322435,1.855478564733516
CrtM-FSPP,MD2,mg_distances,MG286_FSPP_Lig1,3.9685922203608683,0.13849645599256666,0.0014598808293259556,3.297663608206988,4.466323017249792,3.9732575367491263,3.4898132209706603
CrtM-FSPP,MD2,mg_distances,MG286_FSPP_Lig2,6.1590494632297474,0.16101049844269702,0.0016971996742597216,5.5119556742279885,6.746087347524583,6.162426133176304,2.6142101862300136
CrtM-FSPP,MD2,rmsf,Residue,155.5,73.90027063549903,4.618766914718689,28.0,283.0,155.5,47.52428979774857
CrtM-FSPP,MD2,rmsf,RMSF_CA,0.6765674693308434,0.25973008621783944,0.016233130388614965,0.3371411454655893,1.999199130900602,0.6391666802969493,38.3893843543386
CrtM-FSPP,MD3,anomalous_high_flexibility,Residue,128.66666666666666,75.61231528145545,21.82739529089958,1.0,269.0,114.5,58.7660481462089
CrtM-FSPP,MD3,anomalous_high_flexibility,RMSF,1.3919428544537296,0.14063180874340525,0.040596906317314496,1.2663467335369796,1.8180238757905036,1.3646437371060665,10.103274591584901
CrtM-FSPP,MD3,anomalous_high_flexibility,Z_Score,2.5122377707023444,0.5655252412093736,0.16325307512287995,2.0071758134462647,4.225645103789175,2.4024593353626633,22.51081676282855
CrtM-FSPP,MD3,hb_counts,FSPP_Lig1_HB_Count,319.98277777777776,7.978445480414755,0.08410019968528984,291.0,352.0,320.0,2.4933984059465977
CrtM-FSPP,MD3,hb_counts,FSPP_Lig2_HB_Count,319.98277777777776,7.978445480414755,0.08410019968528984,291.0,352.0,320.0,2.4933984059465977
CrtM-FSPP,MD3,main_metrics,Protein_RMSD,1.2009452250244401,0.14891931896920868,0.001569747451812726,0.8213828793122976,1.6682031224988676,1.197527321183085,12.400175783718867
CrtM-FSPP,MD3,main_metrics,Rg,19.87078696627225,0.07933411516685088,0.0008362550002711932,19.58974661672813,20.11802084743973,19.877324958281513,0.399249990961651
CrtM-FSPP,MD3,main_metrics,FSPP_Lig1_RMSD,1.4919234855259755,0.25208891390870336,0.0026572504694320083,0.5616987000177612,2.1527166564047557,1.5199509300806224,16.896906332956462
CrtM-FSPP,MD3,main_metrics,FSPP_Lig2_RMSD,1.6150505030704712,0.2848999419889054,0.003003109073115943,0.7178104337415009,2.767491061547398,1.5819387973504022,17.640311646432398
CrtM-FSPP,MD3,mg_distances,MG284_FSPP_Lig1,25.989297023011144,0.4161631912858613,0.004386745209292197,24.5805697077284,27.973419027413648,25.972401198188443,1.6012868332582715
CrtM-FSPP,MD3,mg_distances,MG284_FSPP_Lig2,21.379522496989512,0.38997903510337834,0.004110739968804779,20.10858743959961,23.72524470321457,21.357146478443838,1.8240773860047248
CrtM-FSPP,MD3,mg_distances,MG285_FSPP_Lig1,6.78243609597477,0.1404029683856007,0.0014799772344903745,6.296820312916642,7.279295649043228,6.784470880904566,2.070096443207579
CrtM-FSPP,MD3,mg_distances,MG285_FSPP_Lig2,8.88873697529692,0.2043821872995555,0.002154377416779113,8.184759322886396,9.671753783227055,8.883956892407408,2.299338903463597
CrtM-FSPP,MD3,mg_distances,MG286_FSPP_Lig1,3.9834176452725742,0.14183373740304636,0.0014950588641594728,3.51720044076574,4.545749939935952,3.981960082550607,3.560604235696231
CrtM-FSPP,MD3,mg_distances,MG286_FSPP_Lig2,6.20269103229031,0.17977706063195611,0.0018950166088239036,5.501595118864782,6.767868523946169,6.214353958473966,2.8983720081503788
CrtM-FSPP,MD3,rmsf,Residue,155.5,73.90027063549903,4.618766914718689,28.0,283.0,155.5,47.52428979774857
CrtM-FSPP,MD3,rmsf,RMSF_CA,0.7754080489148545,0.24188187780504236,0.015117617362815148,0.3710601084150237,1.8180238757905036,0.7396520925446227,31.194140703535922
CrtM-GGPP,MD,anomalous_high_flexibility,Residue,207.06666666666666,89.7124790031403,23.16366247507633,1.0,282.0,262.0,43.32540840460736
CrtM-GGPP,MD,anomalous_high_flexibility,RMSF,1.118962405001265,0.07988399355242469,0.020625958443805433,1.0318457960700278,1.3279974206378489,1.0879781975780265,7.139113270953404
CrtM-GGPP,MD,anomalous_high_flexibility,Z_Score,2.4737826189845813,0.40087005799572456,0.10350420390737616,2.036618194402607,3.522752194928262,2.3182991425788364,16.20474066392586
CrtM-GGPP,MD,hb_counts,GGPP_Lig1_HB_Count,328.6893333333333,7.862268374966603,0.08287558546801746,301.0,357.0,329.0,2.3920059392354087
CrtM-GGPP,MD,hb_counts,GGPP_Lig2_HB_Count,328.6893333333333,7.862268374966603,0.08287558546801746,301.0,357.0,329.0,2.3920059392354087
CrtM-GGPP,MD,main_metrics,Protein_RMSD,0.9357599896629331,0.10957326676029053,0.0011550036454257907,0.6404224402472678,1.3841190403654882,0.9268105832857925,11.709548171616051
CrtM-GGPP,MD,main_metrics,Rg,19.78372441491898,0.0690425682973809,0.000727772571091524,19.557665995615057,20.04752298473884,19.78338160235239,0.34898670669571014
CrtM-GGPP,MD,main_metrics,GGPP_Lig1_RMSD,1.054777427690766,0.1879167059144077,0.0019808160036185424,0.483088925044602,2.275121257331404,1.0346794275707516,17.81576861440953
CrtM-GGPP,MD,main_metrics,GGPP_Lig2_RMSD,2.0065676053698547,0.6061813204964668,0.006389712159391152,0.5430614511362842,3.626947531484933,2.071098053950839,30.20986279626169
CrtM-GGPP,MD,mg_distances,MG284_GGPP_Lig1,25.449975454949403,0.5123264882971547,0.00540039536218203,23.710548012226123,28.170838326015343,25.41053067529037,2.0130726224237656
CrtM-GGPP,MD,mg_distances,MG284_GGPP_Lig2,21.57135433823125,0.5870406494392078,0.006187951771107813,19.76802480495096,24.131674943878348,21.514977282498364,2.7213898591373393
CrtM-GGPP,MD,mg_distances,MG285_GGPP_Lig1,7.0709580224718795,0.1683779279113688,0.0017748591996652114,6.412186529156787,7.709403342622614,7.073503144222064,2.3812604653606315
CrtM-GGPP,MD,mg_distances,MG285_GGPP_Lig2,9.349523439077142,0.3554289846772125,0.0037465504600702614,7.918107640800756,10.312679358552362,9.3853514869121,3.801573277966942
CrtM-GGPP,MD,mg_distances,MG286_GGPP_Lig1,4.469400701854756,0.1602205579216419,0.0016888729700510734,3.916436251496005,5.132093196499782,4.462523135083092,3.584833148998075
CrtM-GGPP,MD,mg_distances,MG286_GGPP_Lig2,7.054985098462251,0.2560590581927956,0.0026990994646894423,6.223514465187288,7.792839028404927,7.060905209571338,3.629476953092472
CrtM-GGPP,MD,rmsf,Residue,155.5,73.90027063549903,4.618766914718689,28.0,283.0,155.5,47.52428979774857
CrtM-GGPP,MD,rmsf,RMSF_CA,0.613472371456786,0.18915844334641377,0.01182240270915086,0.3404526107248393,1.3279974206378489,0.5618353362922541,30.83406069245262
CrtM-GGPP,MD2,anomalous_high_flexibility,Residue,140.41666666666666,78.77971220787465,22.74174402494884,1.0,262.0,147.5,56.1042460827594
CrtM-GGPP,MD2,anomalous_high_flexibility,RMSF,1.3570805277630174,0.2724944739735034,0.07866237895064383,1.1085190985683535,1.9892983752257871,1.2285423747690658,20.079462375211993
CrtM-GGPP,MD2,anomalous_high_flexibility,Z_Score,3.0956801615286564,1.1833751807308275,0.3416109895736327,2.016240193786228,5.841243763582683,2.537471190124651,38.226661637630976
CrtM-GGPP,MD2,hb_counts,GGPP_Lig1_HB_Count,322.11688888888887,8.152566282322047,0.08593559409209663,284.0,350.0,322.0,2.530934130912396
CrtM-GGPP,MD2,hb_counts,GGPP_Lig2_HB_Count,322.11688888888887,8.152566282322047,0.08593559409209663,284.0,350.0,322.0,2.530934130912396
CrtM-GGPP,MD2,main_metrics,Protein_RMSD,1.0677630836815446,0.0857140235513353,0.0009035051394651132,0.8313392372309721,1.472189433652844,1.0582261716126151,8.027438376667002
CrtM-GGPP,MD2,main_metrics,Rg,19.726178884717214,0.0677280492923428,0.0007139163241465282,19.47208191004796,20.01930853757296,19.725003463311857,0.34334094650644614
CrtM-GGPP,MD2,main_metrics,GGPP_Lig1_RMSD,1.5401641528629204,0.23134399345800377,0.002438579807754617,0.6622024184331152,2.3948166728681377,1.5813712075401778,15.020736135688656
CrtM-GGPP,MD2,main_metrics,GGPP_Lig2_RMSD,1.631500990281434,0.5971418568484056,0.006294427846210591,0.7873758648137291,4.021876707445903,1.4083244689869354,36.60076582272859
CrtM-GGPP,MD2,mg_distances,MG284_GGPP_Lig1,25.366211871162214,0.4251300310088375,0.004481263999086458,23.978004991614863,27.60499518457011,25.348778455209985,1.6759697236943372
CrtM-GGPP,MD2,mg_distances,MG284_GGPP_Lig2,21.04128357433811,0.3833823597104547,0.004041204904716695,19.805800336601425,22.91620714278818,21.028603159370157,1.8220483477444636
CrtM-GGPP,MD2,mg_distances,MG285_GGPP_Lig1,7.201028560683432,0.2104151507390403,0.002217970435143431,6.282806990110759,7.968674757425044,7.218113718550596,2.922015222767986
CrtM-GGPP,MD2,mg_distances,MG285_GGPP_Lig2,9.652203407278941,0.272601030208847,0.0028734671598944083,8.662729165828367,10.524638032732929,9.66134455510371,2.8242362775247
CrtM-GGPP,MD2,mg_distances,MG286_GGPP_Lig1,4.252556227839434,0.2251644589653705,0.0023734417948336364,3.4908730394622176,4.94166892865591,4.25992246358512,5.2948026293298
CrtM-GGPP,MD2,mg_distances,MG286_GGPP_Lig2,7.51385914142509,0.23795096122205428,0.0025082233629603154,6.367050194280969,8.184070105991427,7.550847522147545,3.166827548179511
CrtM-GGPP,MD2,rmsf,Residue,155.5,73.90027063549903,4.618766914718689,28.0,283.0,155.5,47.52428979774857
CrtM-GGPP,MD2,rmsf,RMSF_CA,0.6338939390743763,0.22007106397462337,0.01375444149841396,0.3399679577676684,1.9892983752257871,0.5861358002247743,34.71733209753909
CrtM-GGPP,MD3,anomalous_high_flexibility,Residue,120.125,118.98890441969789,42.068930600563164,0.0,281.0,75.5,99.05423885094518
CrtM-GGPP,MD3,anomalous_high_flexibility,RMSF,1.6780787490739282,0.5526300654653603,0.19538423338906097,1.2381983642677368,3.0025166188381918,1.4127964539696047,32.932308198905275
CrtM-GGPP,MD3,anomalous_high_flexibility,Z_Score,3.9203291351846232,2.1303963883262975,0.7532088664004272,2.224584293112812,9.02605506403426,2.8976622940288617,54.34228389668024
CrtM-GGPP,MD3,hb_counts,GGPP_Lig1_HB_Count,326.71422222222225,8.4494114164213,0.08906461654573582,290.0,361.0,327.0,2.5861780240084675
CrtM-GGPP,MD3,hb_counts,GGPP_Lig2_HB_Count,326.71422222222225,8.4494114164213,0.08906461654573582,290.0,361.0,327.0,2.5861780240084675
CrtM-GGPP,MD3,main_metrics,Protein_RMSD,1.072022113690622,0.09962724765764594,0.0010501633987061209,0.7624011891735355,1.4702437661879924,1.0643834521570172,9.293394826965077
CrtM-GGPP,MD3,main_metrics,Rg,19.759723117548294,0.0563519960237541,0.0005940021937727165,19.529733726156305,20.00310192548632,19.758457122891883,0.2851861622175707
CrtM-GGPP,MD3,main_metrics,GGPP_Lig1_RMSD,1.2733778269954903,0.24646049911829138,0.002597921768252405,0.7093002648335572,2.554768858175797,1.2294221245696053,19.35486026954074
CrtM-GGPP,MD3,main_metrics,GGPP_Lig2_RMSD,2.901371240857976,0.6094627297220462,0.006424301249684219,1.6044641406648197,4.402575748793516,3.074398252557547,21.006023673889437
CrtM-GGPP,MD3,mg_distances,MG284_GGPP_Lig1,25.667186921987508,0.4443808458601943,0.004684185404901402,23.81064489379911,27.53521084853341,25.655236741727613,1.7313188516172002
CrtM-GGPP,MD3,mg_distances,MG284_GGPP_Lig2,21.49566893864432,0.5688138644419394,0.0059958245877292995,19.76182305280193,23.64731461369928,21.45846303274014,2.6461789398856133
CrtM-GGPP,MD3,mg_distances,MG285_GGPP_Lig1,7.177198758049126,0.3219036028926181,0.003393161907183465,6.198367386896004,7.937539760198864,7.243560021514794,4.485086922409774
CrtM-GGPP,MD3,mg_distances,MG285_GGPP_Lig2,9.464702356934113,0.6614474558400113,0.006972268376593595,7.606651629378886,10.867296407843025,9.535395219749594,6.98857112347982
CrtM-GGPP,MD3,mg_distances,MG286_GGPP_Lig1,4.513670078433527,0.3404633039393184,0.0035887983338480788,3.5116423271281967,5.659076629835655,4.55506653302659,7.54293729987187
CrtM-GGPP,MD3,mg_distances,MG286_GGPP_Lig2,7.52128262893407,0.4164729665075783,0.004390010526836562,6.395200034040835,8.4521662145474,7.5161878024813245,5.537259893750351
CrtM-GGPP,MD3,rmsf,Residue,155.5,73.90027063549903,4.618766914718689,28.0,283.0,155.5,47.52428979774857
CrtM-GGPP,MD3,rmsf,RMSF_CA,0.6374351122385522,0.20909369742894382,0.013068356089308989,0.3784583891800281,1.9049902853857903,0.5686972806519911,32.8023501395532
PSY-FSPP,MD,anomalous_high_flexibility,Residue,114.3,119.93919292708284,37.928103037193935,1.0,299.0,58.5,104.93367710155978
PSY-FSPP,MD,anomalous_high_flexibility,RMSF,2.621583769827031,0.6953429417849409,0.21988674509622805,1.8485606517975215,3.989361894732282,2.345336599602153,26.523773521485406
PSY-FSPP,MD,anomalous_high_flexibility,Z_Score,3.722676708087312,1.401251448042192,0.4431146150422416,2.1648845764401963,6.479016009100444,3.1659848600310054,37.64096530321985
PSY-FSPP,MD,hb_counts,FSPP_Lig1_HB_Count,340.56677777777776,8.589100758490739,0.0905370714983685,304.0,374.0,341.0,2.522001944680343
PSY-FSPP,MD,hb_counts,FSPP_Lig2_HB_Count,340.56677777777776,8.589100758490739,0.0905370714983685,304.0,374.0,341.0,2.522001944680343
PSY-FSPP,MD,main_metrics,Protein_RMSD,1.262991579493484,0.17987463733233408,0.0018960451575564309,0.8416363513216452,2.120886669703571,1.2385488205775104,14.241950639486594
PSY-FSPP,MD,main_metrics,Rg,19.71465061219053,0.0665877437098938,0.000701896447916049,19.47500828213084,19.965275212071127,19.713905271345503,0.33775766570633187
PSY-FSPP,MD,main_metrics,FSPP_Lig1_RMSD,49.234706951908,17.756854954001167,0.1871736857862937,3.814860123432848,97.51853772039156,50.136759887723414,36.06572690956787
PSY-FSPP,MD,main_metrics,FSPP_Lig2_RMSD,56.49554691068184,20.30551090929052,0.21403887842251576,4.264499691364174,107.58630558629498,59.13561008240626,35.94179014036817
PSY-FSPP,MD,mg_distances,MG300_FSPP_Lig1,43.23597241582117,16.52352502085786,0.1741732468023069,7.1445105246429,92.12710576175134,42.587279540335444,38.217077349257146
PSY-FSPP,MD,mg_distances,MG300_FSPP_Lig2,46.3133135177238,17.078727101685132,0.1800255905925705,5.720757166733574,91.18777967029072,45.77744065096291,36.876495772968646
PSY-FSPP,MD,mg_distances,MG301_FSPP_Lig1,41.24544634145235,9.480381876330252,0.09993199939128114,9.225310612818948,70.61575870591015,41.06213522779035,22.985281327413624
PSY-FSPP,MD,mg_distances,MG301_FSPP_Lig2,42.07746528044336,9.77071636665556,0.10299239363372144,12.573027527902742,71.34812029193154,42.18495437188559,23.220781721366578
PSY-FSPP,MD,mg_distances,MG302_FSPP_Lig1,41.08940375602065,9.393983136841733,0.09902127671211029,7.600527276475637,70.23617576596907,41.19003121159737,22.86230092950734
PSY-FSPP,MD,mg_distances,MG302_FSPP_Lig2,41.864644637192875,9.771605100245734,0.10300176170831495,10.562262395524533,72.37859477938247,42.06412737391962,23.34094839435127
PSY-FSPP,MD,rmsf,Residue,164.5,77.9417517551836,4.743383956420215,30.0,299.0,164.5,47.381004106494586
PSY-FSPP,MD,rmsf,RMSF_CA,0.724631510171489,0.4164454619056556,0.025344063717376214,0.341986903339576,3.989361894732282,0.6302614917426137,57.46996315508016
PSY-FSPP,MD2,anomalous_high_flexibility,Residue,245.16666666666666,109.81107513462483,44.83018369770941,0.0,299.0,296.5,44.790377349269136
PSY-FSPP,MD2,anomalous_high_flexibility,RMSF,3.5450011076411614,1.6680095284895793,0.680962038483305,1.9671739076607169,6.317348619312304,3.0558712373075156,47.05244026283169
PSY-FSPP,MD2,anomalous_high_flexibility,Z_Score,5.296929839716424,3.150525744363345,1.2861967491987254,2.3167399014752053,10.533322113656698,4.373064464547566,59.478336313626
PSY-FSPP,MD2,hb_counts,FSPP_Lig1_HB_Count,337.06033333333335,8.316584762455747,0.08766450067736853,309.0,368.0,337.0,2.4673875683351687
PSY-FSPP,MD2,hb_counts,FSPP_Lig2_HB_Count,337.06033333333335,8.316584762455747,0.08766450067736853,309.0,368.0,337.0,2.4673875683351687
PSY-FSPP,MD2,main_metrics,Protein_RMSD,1.3239655305849678,0.2484589297135967,0.002618987076342175,0.850816846209357,2.149690869086128,1.2593639831712715,18.76626875654535
PSY-FSPP,MD2,main_metrics,Rg,19.675650955979098,0.06981698998513275,0.0007359356924339492,19.456272382115927,19.92323967103843,19.671848066528895,0.3548395432574826
PSY-FSPP,MD2,main_metrics,FSPP_Lig1_RMSD,57.17659089590944,19.588712485117714,0.20648315961049724,4.25990946424419,106.5953350968256,59.63998566482185,34.260021764465044
PSY-FSPP,MD2,main_metrics,FSPP_Lig2_RMSD,58.18581646538306,20.019183277290757,0.2110207201753099,5.257041599532443,108.66552466522306,59.54352942951594,34.40560688737765
PSY-FSPP,MD2,mg_distances,MG300_FSPP_Lig1,47.396657037384315,16.351369017281463,0.1723585631883952,5.818297360570158,87.98813411333131,49.46597958456414,34.49899220610486
PSY-FSPP,MD2,mg_distances,MG300_FSPP_Lig2,47.52262047789084,15.818284553289102,0.1667393595501756,7.354376108185468,89.84231025847346,48.855151628313806,33.28580030776778
PSY-FSPP,MD2,mg_distances,MG301_FSPP_Lig1,40.759825275040775,9.30174628303561,0.09804901490465924,10.917548005825935,72.2536174289573,41.02352734927692,22.820868883192986
PSY-FSPP,MD2,mg_distances,MG301_FSPP_Lig2,40.713123889311944,10.919330470089614,0.11509984936520092,5.652541204897898,71.39629811526238,41.10365799561307,26.820173514015632
PSY-FSPP,MD2,mg_distances,MG302_FSPP_Lig1,41.06348976418409,9.251650487511151,0.0975209588544747,9.68236178261878,70.88095406319452,41.22026240724949,22.530112614979245
PSY-FSPP,MD2,mg_distances,MG302_FSPP_Lig2,40.72384663466264,10.788356664332822,0.1137192642318278,7.262651711828191,73.58421605390056,41.04968704994276,26.491497134630126
PSY-FSPP,MD2,rmsf,Residue,164.5,77.9417517551836,4.743383956420215,30.0,299.0,164.5,47.381004106494586
PSY-FSPP,MD2,rmsf,RMSF_CA,0.7172766199028345,0.5457725830866319,0.033214661669378975,0.3319053305303875,6.317348619312304,0.5926853009305189,76.08955428668017
PSY-FSPP,MD3,anomalous_high_flexibility,Residue,79.41666666666667,103.67373368194835,29.92802902458323,1.0,299.0,41.5,130.54405080623087
PSY-FSPP,MD3,anomalous_high_flexibility,RMSF,2.786464494688006,0.6702732457653319,0.1934912194366093,2.1884130422008043,4.219041805268716,2.40642048094545,24.05461282722645
PSY-FSPP,MD3,anomalous_high_flexibility,Z_Score,3.1506402023094533,1.113197153554023,0.3213523381327702,2.157389794667961,5.529880302462364,2.519458938554258,35.332411258449554
PSY-FSPP,MD3,hb_counts,FSPP_Lig1_HB_Count,344.0651111111111,8.942717986588548,0.09426452436724972,313.0,374.0,344.0,2.5991353664744636
PSY-FSPP,MD3,hb_counts,FSPP_Lig2_HB_Count,344.0651111111111,8.942717986588548,0.09426452436724972,313.0,374.0,344.0,2.5991353664744636
PSY-FSPP,MD3,main_metrics,Protein_RMSD,1.3443053874472657,0.20123368282179235,0.002121189265535878,0.8655720803064728,2.0825166931572645,1.3246483018175295,14.969342881524852
PSY-FSPP,MD3,main_metrics,Rg,19.74023406164869,0.1155286868600543,0.0012177792852204597,19.42374084104324,20.16307509480957,19.727745051202575,0.5852447671048813
PSY-FSPP,MD3,main_metrics,FSPP_Lig1_RMSD,60.71646722097314,21.031239329264622,0.22168872765529377,4.29698145106317,105.7249304089959,64.0960591758637,34.63844372355026
PSY-FSPP,MD3,main_metrics,FSPP_Lig2_RMSD,44.08413467305815,14.162504913936793,0.14928590967122407,2.2160273144649985,82.90715074256413,44.003352253845236,32.12608122847459
PSY-FSPP,MD3,mg_distances,MG300_FSPP_Lig1,47.67511259034721,15.02147093329937,0.15834020651747086,9.621822521046951,92.21284642307909,48.486514935064406,31.50799257124517
PSY-FSPP,MD3,mg_distances,MG300_FSPP_Lig2,44.025264465272514,16.21799145941224,0.170952640283003,5.876658043904646,91.4322207994278,44.73814469540238,36.83791944556091
PSY-FSPP,MD3,mg_distances,MG301_FSPP_Lig1,40.3217232785367,9.299574435934433,0.09802612162609473,11.136545490642805,73.73248159352296,39.650879695791495,23.063434991838772
PSY-FSPP,MD3,mg_distances,MG301_FSPP_Lig2,41.53835760001635,9.212381594415222,0.09710702837655204,12.027554128932158,71.24751203643896,41.180275306273145,22.178011184562568
PSY-FSPP,MD3,mg_distances,MG302_FSPP_Lig1,40.12969720441122,9.229936726362217,0.09729207571514302,12.309238295011596,71.83221653295057,39.653833480757854,23.000265063917862
PSY-FSPP,MD3,mg_distances,MG302_FSPP_Lig2,41.445035817234896,9.054061068712802,0.09543818350463579,13.10143411247332,70.17010803836796,41.047043727037824,21.845948230421545
PSY-FSPP,MD3,rmsf,Residue,164.5,77.9417517551836,4.743383956420215,30.0,299.0,164.5,47.381004106494586
PSY-FSPP,MD3,rmsf,RMSF_CA,0.7731121525065416,0.4055650997983217,0.024681905966263858,0.3870624549909862,3.8288965958045016,0.6690488098642178,52.45876662052471
PSY-GGPP,MD,anomalous_high_flexibility,Residue,179.44444444444446,123.06738092164625,41.02246030721542,0.0,299.0,273.0,68.58244138048397
PSY-GGPP,MD,anomalous_high_flexibility,RMSF,2.5167828239237564,0.8488082096074478,0.28293606986914926,1.7735055166254408,4.25057968656087,2.093579749074107,33.72592190072741
PSY-GGPP,MD,anomalous_high_flexibility,Z_Score,4.459886108178998,2.092810842324891,0.697603614108297,2.627270930850115,8.734713838926234,3.416441931360556,46.92520821298281
PSY-GGPP,MD,hb_counts,GGPP_Lig1_HB_Count,340.2654444444444,9.286781844357677,0.0978912758708986,309.0,377.0,340.0,2.7292756275972483
PSY-GGPP,MD,hb_counts,GGPP_Lig2_HB_Count,340.2654444444444,9.286781844357677,0.0978912758708986,309.0,377.0,340.0,2.7292756275972483
PSY-GGPP,MD,main_metrics,Protein_RMSD,1.1278809956757225,0.1327879660957302,0.0013997080624124129,0.6861360347501381,1.6998456555966484,1.1147154179257308,11.773224888515465
PSY-GGPP,MD,main_metrics,Rg,19.70137522237733,0.0798755792548791,0.0008419625329023769,19.48146830982214,19.988550063143656,19.693164438524455,0.4054314907121528
PSY-GGPP,MD,main_metrics,GGPP_Lig1_RMSD,53.898692507136495,19.318605511877827,0.2036359821193899,3.1521837134333275,96.32150583812212,57.205215415897364,35.842438124672384
PSY-GGPP,MD,main_metrics,GGPP_Lig2_RMSD,54.2013036024937,19.87707538083204,0.20952277142096015,2.1328687532783084,100.84483729102782,56.81346893279562,36.67268877259537
PSY-GGPP,MD,mg_distances,MG300_GGPP_Lig1,45.2357825163527,14.9595395630688,0.15768739255565836,5.739592646688291,88.14001407293459,46.328482248612644,33.070146532031224
PSY-GGPP,MD,mg_distances,MG300_GGPP_Lig2,45.26991506260261,15.63493753751466,0.1648067123100354,6.171693269339749,91.16570234934666,46.313053276150384,34.53714794006904
PSY-GGPP,MD,mg_distances,MG301_GGPP_Lig1,40.15523416269012,9.128203672996074,0.09621971517527478,13.178591756472352,74.3069373844151,39.768957347329355,22.732288488252582
PSY-GGPP,MD,mg_distances,MG301_GGPP_Lig2,38.95326581968164,10.68477128579262,0.11262737847023524,9.224886872973274,72.49577370510036,39.41285680284259,27.429718820633518
PSY-GGPP,MD,mg_distances,MG302_GGPP_Lig1,39.99097133215289,8.977370236738281,0.09462979115565995,13.328206922660671,69.71054404300513,39.77387276957485,22.44849259142761
PSY-GGPP,MD,mg_distances,MG302_GGPP_Lig2,38.44130415180137,10.487228607911728,0.11054509581292664,7.911596372411132,67.82815894949451,38.604837421864616,27.281146775090082
PSY-GGPP,MD,rmsf,Residue,164.5,77.9417517551836,4.743383956420215,30.0,299.0,164.5,47.381004106494586
PSY-GGPP,MD,rmsf,RMSF_CA,0.693570632215283,0.4159139643624344,0.025311717806967234,0.3604019883442739,4.25057968656087,0.5916089895631675,59.96706680529338
PSY-GGPP,MD2,anomalous_high_flexibility,Residue,120.77777777777777,108.02857418065913,36.009524726886376,1.0,299.0,120.0,89.44408165831945
PSY-GGPP,MD2,anomalous_high_flexibility,RMSF,3.5247165875606057,1.1712659078478331,0.390421969282611,2.11134741675556,5.425802229946045,3.4867963574847907,33.23007336196768
PSY-GGPP,MD2,anomalous_high_flexibility,Z_Score,4.336725904994387,1.8981890841639946,0.6327296947213316,2.0461769238106893,7.417683004708552,4.275271229060757,43.77009582224107
PSY-GGPP,MD2,hb_counts,GGPP_Lig1_HB_Count,350.9261111111111,8.848715310954523,0.09327364916340461,318.0,382.0,351.0,2.5215323199910937
PSY-GGPP,MD2,hb_counts,GGPP_Lig2_HB_Count,350.9261111111111,8.848715310954523,0.09327364916340461,318.0,382.0,351.0,2.5215323199910937
PSY-GGPP,MD2,main_metrics,Protein_RMSD,1.490130989838947,0.26087487162842843,0.002749862595499577,0.7503511310183524,2.189714361148168,1.5122864657323802,17.50684157347964
PSY-GGPP,MD2,main_metrics,Rg,19.806586771520358,0.06738406978300146,0.0007102904617533756,19.586071844071697,20.132544258325453,19.806502025382954,0.3402104085893899
PSY-GGPP,MD2,main_metrics,GGPP_Lig1_RMSD,66.70316034485265,21.69998013769459,0.22873787471843054,3.859916910952497,118.98204515617194,69.01679091876372,32.532161932817836
PSY-GGPP,MD2,main_metrics,GGPP_Lig2_RMSD,47.94276087628357,17.496395530113183,0.18442820239448937,1.198560794694422,94.00763359163128,49.26124492395699,36.494342858690764
PSY-GGPP,MD2,mg_distances,MG300_GGPP_Lig1,44.13686225380143,15.914133375608955,0.16774969484876068,6.655736530028097,90.65412299051584,42.74713329463178,36.05633151740029
PSY-GGPP,MD2,mg_distances,MG300_GGPP_Lig2,46.03651494487408,15.924708236760033,0.16786116367268547,6.896782101874453,90.0259109694189,47.07147929388542,34.59147212995793
PSY-GGPP,MD2,mg_distances,MG301_GGPP_Lig1,40.94352092495588,9.071284038419483,0.09561972954578644,13.910612129646996,71.02917526245898,40.81845926832521,22.155603215087343
PSY-GGPP,MD2,mg_distances,MG301_GGPP_Lig2,40.58525096052475,9.284633768822161,0.09786863316663756,15.649096601331268,73.2004909151965,40.10533372066197,22.87686671656376
PSY-GGPP,MD2,mg_distances,MG302_GGPP_Lig1,40.56166775486678,8.788769724506796,0.09264176720057349,13.814169754443066,68.65722893826901,40.363155516663916,21.667673473441628
PSY-GGPP,MD2,mg_distances,MG302_GGPP_Lig2,40.74578335741818,9.161407847544984,0.09656971790660927,12.770610736866344,71.15419488214161,40.77016337720832,22.48430903188675
PSY-GGPP,MD2,rmsf,Residue,164.5,77.9417517551836,4.743383956420215,30.0,299.0,164.5,47.381004106494586
PSY-GGPP,MD2,rmsf,RMSF_CA,0.8024658293217931,0.596711626812683,0.036314713147879,0.3993740994847941,5.425802229946045,0.6482083852366325,74.35975527045132
PSY-GGPP,MD3,anomalous_high_flexibility,Residue,160.8181818181818,103.47754976701528,31.199655163865227,57.0,299.0,120.0,64.34443456400045
PSY-GGPP,MD3,anomalous_high_flexibility,RMSF,2.0211976631447306,0.45660050732037105,0.13767023289705407,1.4553317265614465,2.7435768018747853,1.87289430218874,22.590591491678147
PSY-GGPP,MD3,anomalous_high_flexibility,Z_Score,3.7570132042636093,1.2852776256847713,0.387525785075931,2.16416603093064,5.790426942062477,3.339556393343234,34.21009072382782
PSY-GGPP,MD3,hb_counts,GGPP_Lig1_HB_Count,345.628,8.564439035920566,0.09027711411721874,315.0,379.0,346.0,2.477935536449757
PSY-GGPP,MD3,hb_counts,GGPP_Lig2_HB_Count,345.628,8.564439035920566,0.09027711411721874,315.0,379.0,346.0,2.477935536449757
PSY-GGPP,MD3,main_metrics,Protein_RMSD,1.0700014738058437,0.14701014103175733,0.0015496229493430968,0.7071848858946763,1.6485597565422296,1.0555348682110108,13.739246592704502
PSY-GGPP,MD3,main_metrics,Rg,19.728278332224697,0.07855850802906357,0.00082807938318822,19.47508342605584,20.049186683252923,19.722355051110753,0.3982025532392454
PSY-GGPP,MD3,main_metrics,GGPP_Lig1_RMSD,54.65997882894093,20.332579262807563,0.21432420392126406,2.2980712081525465,100.51704834121638,58.0134890288973,37.19829333713908
PSY-GGPP,MD3,main_metrics,GGPP_Lig2_RMSD,52.937345700926585,20.009908397101654,0.21092295435390077,1.8981739466921912,97.78383952220844,56.012436557954814,37.79922875270154
PSY-GGPP,MD3,mg_distances,MG300_GGPP_Lig1,45.5818956788728,16.25884572607211,0.17138328206560657,6.238202722345533,93.589900254587,46.97346849636946,35.66952511281378
PSY-GGPP,MD3,mg_distances,MG300_GGPP_Lig2,46.93192196211103,16.468334712193013,0.17359148986847808,4.6881220878975896,90.82536459154636,48.99380278109043,35.08983656260271
PSY-GGPP,MD3,mg_distances,MG301_GGPP_Lig1,40.90547796883521,10.035545217361395,0.10578393482823856,12.892605162231607,71.18019714666198,41.051019278446375,24.533499461874545
PSY-GGPP,MD3,mg_distances,MG301_GGPP_Lig2,40.5165552323266,9.31013096033317,0.09813739716367856,13.03248104618392,71.6102596864552,40.35844997897815,22.978584696916617
PSY-GGPP,MD3,mg_distances,MG302_GGPP_Lig1,40.553691933595246,9.419906327734951,0.09929453113691665,11.268834257540632,71.53492452520015,40.548998212701996,23.228233678846312
PSY-GGPP,MD3,mg_distances,MG302_GGPP_Lig2,40.19626263319475,9.254029759742775,0.09754603858589311,13.315645758190584,68.06158799998198,40.18120531665528,23.022114877169304
PSY-GGPP,MD3,rmsf,Residue,164.5,77.9417517551836,4.743383956420215,30.0,299.0,164.5,47.381004106494586
PSY-GGPP,MD3,rmsf,RMSF_CA,0.6572601794237463,0.35446098533022474,0.021571808602319095,0.3389981159824987,2.7435768018747853,0.5685088651200203,53.93008680991428
