msa_position,ungapped_position,pdb_residue_number,mapped,hydrophobicity,classification
1,,,False,0.0,neutral
2,,,False,0.0,neutral
3,,,False,0.0,neutral
4,,,False,1.9,hydrophobic
5,,,False,1.4666666666666666,hydrophobic
6,,,False,0.36666666666666664,neutral
7,,,False,0.5590909090909091,hydrophobic
8,,,False,0.7060227272727273,hydrophobic
9,,,False,0.57080841307815,hydrophobic
10,,,False,0.4198062259881679,neutral
11,,,False,0.3327716242102351,neutral
12,,,False,0.300735270902925,neutral
13,,,False,-0.056544422583665,neutral
14,,,False,-0.20120998366713652,neutral
15,,,False,0.03685585995426263,neutral
16,1,1,True,-0.14462562152721883,neutral
17,2,,False,-0.4939311770827744,neutral
18,3,,False,-0.2521699111729017,neutral
19,4,,False,-0.4828691448893767,neutral
20,5,2,True,-0.7076234416698173,hydrophilic
21,6,3,True,-0.836841548665702,hydrophilic
22,7,4,True,-0.6776010708653866,hydrophilic
23,8,5,True,-0.854286272309148,hydrophilic
24,9,6,True,-1.0584196540569089,hydrophilic
25,10,7,True,-0.7314687726942629,hydrophilic
26,11,8,True,-0.9125145243282498,hydrophilic
27,12,9,True,-1.4433968772694261,hydrophilic
28,13,10,True,-0.712445944584917,hydrophilic
29,14,11,True,-0.031263042299013916,neutral
30,15,12,True,0.10464389222842407,neutral
31,16,13,True,-0.346649581365393,neutral
32,17,14,True,-0.4625630635465866,neutral
33,18,15,True,-0.31036619027172924,neutral
34,,,False,-1.0370039256578547,hydrophilic
35,19,16,True,-0.654230816414157,hydrophilic
36,20,17,True,-0.7215849843587071,hydrophilic
37,,,False,-1.4011470281543272,hydrophilic
38,21,18,True,-1.5467153284671533,hydrophilic
39,22,19,True,-1.4780109489051092,hydrophilic
40,23,20,True,-1.3166970802919706,hydrophilic
41,24,21,True,-0.7611313868613137,hydrophilic
42,25,22,True,-0.36326034063260315,neutral
43,26,23,True,-0.24460665044606625,neutral
44,27,24,True,-0.1916463909164637,neutral
45,28,25,True,0.5837793998377943,hydrophobic
46,29,26,True,0.4696674776966749,neutral
47,30,27,True,-0.11216545012165434,neutral
48,31,28,True,-0.32684509326845085,neutral
49,32,29,True,-0.24882400648823996,neutral
50,33,30,True,-0.8471208434712084,hydrophilic
51,34,31,True,-1.368126520681265,hydrophilic
52,35,32,True,-1.5748580697485803,hydrophilic
53,,,False,-1.3818329278183292,hydrophilic
54,36,33,True,-1.3368207623682076,hydrophilic
55,37,34,True,-1.211273317112733,hydrophilic
56,38,35,True,-0.7295214922952147,hydrophilic
57,39,36,True,0.07437145174371453,neutral
58,40,37,True,0.10072992700729938,neutral
59,41,38,True,0.5791058394160583,hydrophobic
60,42,39,True,0.9288842544316998,hydrophobic
61,43,40,True,1.6559610705596108,hydrophobic
62,44,41,True,1.7043795620437958,hydrophobic
63,,,False,1.0791970802919708,hydrophobic
64,,,False,1.6515815085158148,hydrophobic
65,,,False,1.5215328467153282,hydrophobic
66,,,False,0.014598540145985606,neutral
67,,,False,2.044160583941606,hydrophobic
68,,,False,2.1846715328467154,hydrophobic
69,,,False,0.5135036496350365,hydrophobic
70,45,42,True,0.443941605839416,neutral
71,46,43,True,0.8619221411192214,hydrophobic
72,47,44,True,0.2387904066736183,neutral
73,48,45,True,-0.2260036496350365,neutral
74,49,46,True,8.110300081103855e-05,neutral
75,50,47,True,0.30543390105433904,neutral
76,51,48,True,-0.3882400648824007,neutral
77,52,49,True,-0.8883211678832116,hydrophilic
78,53,50,True,-0.5467153284671533,hydrophilic
79,54,51,True,-0.8161394971613949,hydrophilic
80,55,52,True,-1.3714517437145175,hydrophilic
81,56,54,True,-1.105383211678832,hydrophilic
82,57,55,True,-0.6657011140991165,hydrophilic
83,58,56,True,-1.3792960046100653,hydrophilic
84,59,57,True,-2.0252456253342674,hydrophilic
85,,,False,-1.7256562092758734,hydrophilic
86,60,58,True,-1.7544755719632605,hydrophilic
87,,,False,-1.801465304350087,hydrophilic
88,61,59,True,-1.7251888404765614,hydrophilic
89,62,60,True,-1.661029528279903,hydrophilic
90,63,61,True,-1.661029528279903,hydrophilic
91,,,False,-2.085760594560405,hydrophilic
92,,,False,-1.4810141260805398,hydrophilic
93,,,False,-1.657795698924731,hydrophilic
94,,,False,-2.2655913978494624,hydrophilic
95,,,False,0.0,neutral
96,,,False,0.0,neutral
97,,,False,0.0,neutral
98,,,False,0.0,neutral
99,,,False,0.0,neutral
100,,,False,-3.5,hydrophilic
101,,,False,0.3500000000000001,neutral
102,,,False,0.8333333333333334,hydrophobic
103,,,False,0.6602150537634408,hydrophobic
104,,,False,0.6602150537634408,hydrophobic
105,,,False,0.6602150537634408,hydrophobic
106,,,False,0.12670145477545852,neutral
107,64,62,True,-0.16400182904964833,neutral
108,,,False,0.4039525511169855,neutral
109,,,False,0.5666219984579657,hydrophobic
110,65,63,True,-0.28499426848676834,neutral
111,66,64,True,-0.11200156775684127,neutral
112,67,65,True,-0.4291004723057105,neutral
113,68,66,True,-0.691612548303993,hydrophilic
114,69,67,True,-0.9728364581842468,hydrophilic
115,70,68,True,-0.36512570965125696,neutral
116,71,69,True,-0.44712985491574275,neutral
117,72,70,True,-0.9446414946982666,hydrophilic
118,73,71,True,-0.3562650566219095,neutral
119,74,72,True,-0.5494524045537831,hydrophilic
120,75,73,True,-1.384002282899282,hydrophilic
121,76,74,True,-1.230798714367246,hydrophilic
122,77,75,True,-1.3386657054459163,hydrophilic
123,,,False,-1.0694848457541075,hydrophilic
124,,,False,-1.554156378600823,hydrophilic
125,,,False,-1.6813168724279834,hydrophilic
126,,,False,-1.996213991769547,hydrophilic
127,,,False,-1.8555555555555554,hydrophilic
128,,,False,-1.5555555555555556,hydrophilic
129,,,False,-1.5555555555555556,hydrophilic
130,,,False,-1.9777777777777774,hydrophilic
131,,,False,-1.1666666666666667,hydrophilic
132,,,False,-1.1224846894138232,hydrophilic
133,,,False,-1.1169291338582676,hydrophilic
134,,,False,-0.7113735783027122,hydrophilic
135,,,False,0.09973753280839892,neutral
136,78,76,True,-0.4558180227471566,neutral
137,,,False,-0.41137357830271215,neutral
138,,,False,-0.14470691163604557,neutral
139,,,False,0.39970472440944876,neutral
140,,,False,-0.08605174353205854,neutral
141,,,False,-0.03333333333333336,neutral
142,,,False,0.1299999999999999,neutral
143,,,False,0.4800000000000001,neutral
144,,,False,-0.9800000000000001,hydrophilic
145,,,False,-0.45999999999999996,neutral
146,,,False,0.5199999999999999,hydrophobic
147,,,False,0.24000000000000005,neutral
148,,,False,0.8333333333333334,hydrophobic
149,,,False,0.4857142857142857,neutral
150,,,False,-0.012499999999999956,neutral
151,,,False,0.18888888888888894,neutral
152,,,False,-0.3259259259259259,neutral
153,,,False,-0.13344998541848926,neutral
154,,,False,-0.4707203266258385,neutral
155,,,False,-1.1916462525517642,hydrophilic
156,,,False,-1.011304372209884,hydrophilic
157,79,78,True,-1.3779710388765507,hydrophilic
158,80,79,True,-1.328588322827168,hydrophilic
159,81,80,True,-0.9999333520669338,hydrophilic
160,,,False,-1.2052666854002674,hydrophilic
161,,,False,-0.93998537355407,hydrophilic
162,,,False,-0.6276303961871105,hydrophilic
163,,,False,-0.8245480891677955,hydrophilic
164,82,81,True,-0.6790749336471034,hydrophilic
165,83,82,True,-0.559968808290978,hydrophilic
166,,,False,-0.9846950856632407,hydrophilic
167,,,False,-1.1459075755253656,hydrophilic
168,,,False,-1.1607174103313587,hydrophilic
169,,,False,-0.7719619358788039,hydrophilic
170,84,83,True,-0.7704338253310801,hydrophilic
171,85,84,True,-1.0046094838521844,hydrophilic
172,86,85,True,-0.4273705731278723,neutral
173,87,86,True,0.026927698176684514,neutral
174,88,87,True,-0.16423357664233545,neutral
175,89,88,True,-0.07372262773722614,neutral
176,90,89,True,0.5657828824960645,hydrophobic
177,91,90,True,0.8703902485568438,hydrophobic
178,92,91,True,0.1412742712656842,neutral
179,93,92,True,0.6783383426363248,hydrophobic
180,94,93,True,1.1927746767806882,hydrophobic
181,95,94,True,0.5805281236582227,hydrophobic
182,,,False,0.09593769381231826,neutral
183,,,False,-0.11022613424931998,neutral
184,,,False,-0.05653594771241835,neutral
185,,,False,0.04232026143790869,neutral
186,,,False,-0.47107843137254907,neutral
187,,,False,-0.4145424836601306,neutral
188,,,False,-0.8446078431372551,hydrophilic
189,,,False,-1.4112745098039214,hydrophilic
190,96,95,True,-1.1979411764705885,hydrophilic
191,97,96,True,-1.475718954248366,hydrophilic
192,98,97,True,-1.2648547567175017,hydrophilic
193,,,False,-1.4778177196804647,hydrophilic
194,,,False,-1.6427001203292886,hydrophilic
195,,,False,-1.5305744000763322,hydrophilic
196,99,98,True,-1.3219169614317745,hydrophilic
197,,,False,-1.8428026879851698,hydrophilic
198,100,99,True,-1.5086003939288608,hydrophilic
199,,,False,-1.545868381415827,hydrophilic
200,,,False,-1.1824690070675472,hydrophilic
201,101,100,True,-0.4280326729231838,neutral
202,102,101,True,0.08673965936739658,neutral
203,103,102,True,-0.4391240875912409,neutral
204,104,103,True,-0.4391240875912409,neutral
205,105,104,True,-0.4391240875912409,neutral
206,,,False,0.03065693430656935,neutral
207,,,False,-0.7655474452554745,hydrophilic
208,,,False,-0.2585401459854014,neutral
209,,,False,0.6490510948905108,hydrophobic
210,106,105,True,-0.3512408759124087,neutral
211,107,106,True,-0.37007299270072985,neutral
212,108,107,True,-0.6308654848800834,hydrophilic
213,109,108,True,-0.9210766423357666,hydrophilic
214,110,109,True,-0.8248986212489863,hydrophilic
215,111,110,True,-1.13227899432279,hydrophilic
216,112,111,True,-0.44517437145174377,neutral
217,113,112,True,-0.6467964314679644,hydrophilic
218,114,113,True,-1.2128649635036497,hydrophilic
219,115,114,True,-1.0543274244004173,hydrophilic
220,116,115,True,-1.1526763990267643,hydrophilic
221,117,116,True,-0.9440875912408762,hydrophilic
222,,,False,-0.12000000000000015,neutral
223,,,False,-0.13613138686131404,neutral
224,,,False,0.32244525547445246,neutral
225,,,False,-0.9711678832116789,hydrophilic
226,118,117,True,-0.7880778588807787,hydrophilic
227,,,False,-0.7880778588807787,hydrophilic
228,,,False,-0.7880778588807787,hydrophilic
229,119,118,True,-0.7880778588807787,hydrophilic
230,,,False,-0.7880778588807787,hydrophilic
231,,,False,-1.7660583941605839,hydrophilic
232,,,False,-1.7660583941605839,hydrophilic
233,,,False,-1.9321167883211678,hydrophilic
234,,,False,0.0,neutral
235,,,False,0.0,neutral
236,,,False,0.0,neutral
237,,,False,0.0,neutral
238,,,False,0.0,neutral
239,,,False,0.0,neutral
240,,,False,0.0,neutral
241,,,False,0.0,neutral
242,,,False,-1.8350364963503647,hydrophilic
243,,,False,-0.8952554744525546,hydrophilic
244,,,False,-1.4858880778588806,hydrophilic
245,,,False,-1.3649635036496348,hydrophilic
246,120,119,True,-0.8604379562043792,hydrophilic
247,121,120,True,-1.1613138686131386,hydrophilic
248,122,121,True,-1.3993743482794574,hydrophilic
249,123,122,True,-0.765419708029197,hydrophilic
250,124,123,True,-0.7212489862124898,hydrophilic
251,125,124,True,-0.5820255474452554,hydrophilic
252,126,125,True,-0.8738138686131387,hydrophilic
253,127,126,True,-0.702919708029197,hydrophilic
254,128,127,True,-0.4916970802919708,neutral
255,,,False,-0.7958941605839416,hydrophilic
256,129,128,True,-0.6111313868613139,hydrophilic
257,130,129,True,0.2585766423357664,neutral
258,131,130,True,0.024543795620437847,neutral
259,132,131,True,0.006478102189780954,neutral
260,133,132,True,-0.06228710462287111,neutral
261,134,133,True,0.6595296025952959,hydrophobic
262,135,134,True,0.759529602595296,hydrophobic
263,136,135,True,0.802919708029197,hydrophobic
264,137,136,True,1.1921330089213302,hydrophobic
265,138,137,True,1.74647201946472,hydrophobic
266,139,138,True,1.6326845093268452,hydrophobic
267,140,139,True,1.2555555555555555,hydrophobic
268,141,140,True,1.4765510948905107,hydrophobic
269,142,141,True,2.0957116788321164,hydrophobic
270,143,142,True,2.061222627737226,hydrophobic
271,144,143,True,2.2017335766423356,hydrophobic
272,,,False,1.857390510948905,hydrophobic
273,145,144,True,1.2445255474452552,hydrophobic
274,146,145,True,0.9943430656934306,hydrophobic
275,147,146,True,0.8311131386861315,hydrophobic
276,148,147,True,0.5928832116788321,hydrophobic
277,149,148,True,1.027007299270073,hydrophobic
278,,,False,0.15579886455798875,neutral
279,,,False,-0.08094079480940791,neutral
280,,,False,-0.5169505271695052,hydrophilic
281,,,False,-0.5163017031630169,hydrophilic
282,,,False,-0.2463503649635037,neutral
283,,,False,-0.5386861313868614,hydrophilic
284,,,False,-0.9284671532846716,hydrophilic
285,150,149,True,-0.6530573172190978,hydrophilic
286,,,False,-1.2386128727746533,hydrophilic
287,,,False,-0.853890650552431,hydrophilic
288,,,False,-1.3690867289838036,hydrophilic
289,151,150,True,-1.1690867289838034,hydrophilic
290,,,False,-0.8683973534769098,hydrophilic
291,,,False,-0.9633882077421132,hydrophilic
292,,,False,-1.2221313484410157,hydrophilic
293,152,151,True,-1.3159686060216436,hydrophilic
294,,,False,-1.3368014407709556,hydrophilic
295,,,False,-1.1276962772132373,hydrophilic
296,,,False,-1.2973164448261056,hydrophilic
297,,,False,-1.3990267639902676,hydrophilic
298,153,152,True,-1.1803730738037308,hydrophilic
299,154,153,True,-1.0486347661530142,hydrophilic
300,155,154,True,-0.6235198702351986,hydrophilic
301,156,155,True,-0.5082184374155176,hydrophilic
302,157,156,True,0.14314679643146805,neutral
303,158,157,True,0.32449310624493116,neutral
304,159,158,True,0.08929440389294407,neutral
305,160,159,True,0.5606650446066506,hydrophobic
306,161,160,True,1.0462287104622872,hydrophobic
307,162,161,True,0.6609083536090835,hydrophobic
308,163,162,True,0.9609083536090837,hydrophobic
309,164,163,True,0.6706407137064071,hydrophobic
310,165,164,True,0.5037307380373074,hydrophobic
311,166,165,True,0.581265206812652,hydrophobic
312,167,166,True,1.0526358475263584,hydrophobic
313,168,167,True,0.46958637469586356,neutral
314,169,168,True,-0.08864557988645588,neutral
315,170,169,True,0.1507704785077047,neutral
316,171,170,True,0.4856447688564476,neutral
317,172,171,True,-0.34128142741281436,neutral
318,173,172,True,-0.6946472019464722,hydrophilic
319,174,173,True,-0.13519870235198714,neutral
320,175,174,True,-0.9917787168651555,hydrophilic
321,176,175,True,-1.72583148152333,hydrophilic
322,177,176,True,-1.5352394296174097,hydrophilic
323,178,,False,-1.3684105569491212,hydrophilic
324,179,177,True,-2.344647377711489,hydrophilic
325,180,178,True,-1.8844689511097046,hydrophilic
326,181,179,True,-1.6485403217504186,hydrophilic
327,182,180,True,-0.8250204515152199,hydrophilic
328,183,181,True,-1.160543565870451,hydrophilic
329,184,182,True,-0.9681971279996182,hydrophilic
330,185,183,True,-0.9809407948094078,hydrophilic
331,186,184,True,-0.5360908353609084,hydrophilic
332,187,185,True,-0.028710462287104537,neutral
333,188,186,True,0.2798864557988645,neutral
334,189,187,True,-0.44420113544201123,neutral
335,190,,False,-0.33722627737226263,neutral
336,191,188,True,-0.8885036496350364,hydrophilic
337,192,189,True,-0.9388686131386861,hydrophilic
338,193,,False,-0.6216240875912408,hydrophilic
339,,,False,-0.4262773722627736,neutral
340,194,190,True,-0.652007299270073,hydrophilic
341,195,191,True,-1.2235401459854014,hydrophilic
342,196,192,True,-1.28978102189781,hydrophilic
343,197,,False,-0.5270985401459853,hydrophilic
344,198,193,True,-0.5270985401459853,hydrophilic
345,199,194,True,-0.6281021897810218,hydrophilic
346,200,195,True,-0.6786402425933877,hydrophilic
347,201,196,True,-0.3353008265349935,neutral
348,,,False,-0.19477550144145248,neutral
349,202,197,True,-0.13015779304422503,neutral
350,203,202,True,0.2446865607556891,neutral
351,,,False,0.8609676899957064,hydrophobic
352,,,False,0.0679082581937885,neutral
353,,,False,0.0679082581937885,neutral
354,,,False,0.7551470588235294,hydrophobic
355,,,False,1.5,hydrophobic
356,,,False,-1.05,hydrophilic
357,,,False,-1.7666666666666668,hydrophilic
358,,,False,-2.2,hydrophilic
359,,,False,-2.5933333333333337,hydrophilic
360,,,False,-2.496755879967559,hydrophilic
361,,,False,-1.8829336114007649,hydrophilic
362,,,False,-1.1725669099756693,hydrophilic
363,,,False,-1.0971073263044067,hydrophilic
364,204,203,True,-0.6758583400919169,hydrophilic
365,,,False,-0.7876182752095163,hydrophilic
366,,,False,-0.686807245201406,hydrophilic
367,205,204,True,-0.4529061908623954,neutral
368,206,,False,0.256853203568532,neutral
369,207,205,True,0.8364963503649633,hydrophobic
370,208,206,True,0.3913219789132196,neutral
371,209,207,True,0.3545823195458231,neutral
372,210,208,True,0.3892944038929439,neutral
373,211,209,True,-0.33365774533657755,neutral
374,212,210,True,-0.31159772911597744,neutral
375,213,211,True,0.24444444444444435,neutral
376,214,212,True,0.559286293592863,hydrophobic
377,215,213,True,0.10616382806163821,neutral
378,216,214,True,-0.4317923763179237,neutral
379,217,215,True,-0.013706407137064058,neutral
380,218,216,True,-0.7143552311435523,hydrophilic
381,219,217,True,-0.8758313057583131,hydrophilic
382,220,218,True,-0.43641524736415244,neutral
383,221,219,True,-0.305433901054339,neutral
384,222,220,True,-0.8935928629359284,hydrophilic
385,223,221,True,-1.2632603406326035,hydrophilic
386,224,222,True,-0.8652879156528793,hydrophilic
387,225,223,True,-0.5138686131386861,hydrophilic
388,226,224,True,-0.7726277372262774,hydrophilic
389,227,225,True,-0.7161496350364964,hydrophilic
390,228,226,True,-0.6918795620437956,hydrophilic
391,229,227,True,-0.3001824817518248,neutral
392,,,False,-0.4546532846715328,neutral
393,230,228,True,-0.11186131386861317,neutral
394,231,229,True,0.2572992700729927,neutral
395,232,230,True,-0.2838503649635037,neutral
396,233,231,True,-0.5421272158498437,hydrophilic
397,234,232,True,-0.5421272158498437,hydrophilic
398,235,233,True,-0.23503649635036503,neutral
399,236,234,True,-0.18321167883211678,neutral
400,,,False,-1.2126565407184773,hydrophilic
401,,,False,-1.5186176112780878,hydrophilic
402,,,False,-1.8544579218548733,hydrophilic
403,237,235,True,-2.0154798196650923,hydrophilic
404,238,236,True,-1.6346039072563332,hydrophilic
405,,,False,-1.4288365893802777,hydrophilic
406,,,False,-0.5818599337545238,hydrophilic
407,239,237,True,-1.0716274420352083,hydrophilic
408,,,False,-1.4173391208673252,hydrophilic
409,,,False,-0.8766423357664233,hydrophilic
410,,,False,-0.38604014598540143,neutral
411,,,False,0.10673154906731552,neutral
412,240,238,True,0.041849148418491536,neutral
413,241,239,True,0.134580291970803,neutral
414,242,240,True,0.21094890510948913,neutral
415,243,241,True,-0.5038929440389294,hydrophilic
416,244,242,True,0.599756690997567,hydrophobic
417,,,False,1.4068126520681263,hydrophobic
418,,,False,1.4236009732360098,hydrophobic
419,,,False,1.4070559610705595,hydrophobic
420,245,243,True,1.289902676399027,hydrophobic
421,246,244,True,1.131873479318735,hydrophobic
422,247,245,True,0.5086548488008343,hydrophobic
423,248,246,True,0.3005474452554746,neutral
424,249,247,True,0.7343065693430658,hydrophobic
425,250,248,True,0.9095701540957017,hydrophobic
426,251,249,True,0.5128953771289537,hydrophobic
427,252,250,True,0.2337388483373885,neutral
428,253,251,True,0.6980535279805352,hydrophobic
429,254,252,True,-0.1413625304136254,neutral
430,255,253,True,-1.1102230246251565e-16,neutral
431,256,254,True,0.03959854014598524,neutral
432,257,255,True,-0.16021897810218988,neutral
433,258,256,True,-1.0257299270072995,hydrophilic
434,,,False,-1.6530109489051097,hydrophilic
435,259,257,True,-1.5144942648592286,hydrophilic
436,260,258,True,-1.8370177267987486,hydrophilic
437,261,259,True,-1.9353431363885403,hydrophilic
438,262,260,True,-0.909691415846309,hydrophilic
439,,,False,-1.0473486020042064,hydrophilic
440,263,,False,-1.0669653903253742,hydrophilic
441,264,261,True,-1.260396047259681,hydrophilic
442,265,262,True,-1.0313814487195347,hydrophilic
443,266,263,True,-0.808206266237783,hydrophilic
444,267,264,True,-0.26828391548792396,neutral
445,268,265,True,-0.06106574841574232,neutral
446,269,266,True,-0.6975669099756692,hydrophilic
447,270,267,True,-1.1263489337340777,hydrophilic
448,271,268,True,-1.221047421401651,hydrophilic
449,272,269,True,-1.1419386002576215,hydrophilic
450,273,270,True,-0.643084180144077,hydrophilic
451,274,271,True,-0.8131720814846619,hydrophilic
452,275,272,True,-0.40756225848003425,neutral
453,276,273,True,-0.6611152855302703,hydrophilic
454,277,274,True,-0.6844669863079049,hydrophilic
455,278,275,True,-0.65359477124183,hydrophilic
456,279,276,True,-0.25882352941176445,neutral
457,280,277,True,-0.059811957569913005,neutral
458,281,278,True,0.10690917532769047,neutral
459,282,279,True,-0.05860500906947272,neutral
460,283,280,True,0.30361225611375414,neutral
461,284,283,True,-0.4112983789221533,neutral
462,285,284,True,-0.7679270664331939,hydrophilic
463,,,False,-0.6585290061338052,hydrophilic
464,,,False,-0.578244692408315,hydrophilic
465,,,False,-1.0091057324765162,hydrophilic
466,,,False,-0.9537977132340709,hydrophilic
467,,,False,-0.8791169980361142,hydrophilic
468,,,False,-0.6220429845791221,hydrophilic
469,,,False,-0.7727733216577737,hydrophilic
470,,,False,-0.4282602901077051,neutral
471,,,False,-0.32772403957145463,neutral
472,,,False,-0.3371454425412447,neutral
473,,,False,-0.1594232203190224,neutral
474,,,False,-0.08019616717892582,neutral
475,,,False,-0.055267392250150905,neutral
476,,,False,0.3154222629222629,neutral
477,,,False,-0.1858597883597884,neutral
478,,,False,-0.14471726190476192,neutral
479,,,False,-0.277295918367347,neutral
480,,,False,-0.23422619047619056,neutral
481,,,False,-0.20250000000000004,neutral
482,,,False,-0.30000000000000004,neutral
483,,,False,-0.2333333333333334,neutral
484,,,False,-0.17500000000000004,neutral
485,,,False,-3.5,hydrophilic
