Protein ID,GRAVY
B2-zga-ZOBELLIA-2973/1-279,0.229
B2-yag-AABB28-14580/1-287,0.142
B2-xyg-R9X41-16950/1-307,-0.073
B2-xsk-AB0856-002014/1-302,0.298
B2-xii-AMD24-00687/1-274,0.186
B2-xau-Xaut-3578/1-303,0.175
B2-wna-KA717-26960/5-309,0.5
B2-wij-BWZ20-04005/1-279,0.176
B2-whr-OG579-04375/1-300,-0.175
B2-wfu-AXE80-09100/1-278,0.317
B2-vtr-MYVALT-F-02820/1-276,0.486
B2-vff-VITFI-CDS2494/1-282,0.098
B2-veg-SAMN05444156-1235/1-320,0.038
B2-vca-M892-02510/1-277,0.266
B2-vab-WPS-26310/7-300,0.464
B2-upl-DSM104440-02479/1-277,0.383
B2-ume-RM788-08275/1-310,0.334
B2-uli-ETAA1-58380/5-300,0.458
B2-uam-UABAM-03674/1-294,0.18
B2-tvr-TVD-07360/1-286,-0.173
B2-tvi-Thivi-2024/1-294,0.38
B2-ttr-Tter-2046/1-279,0.235
B2-ttl-TtJL18-2263/1-283,0.239
B2-tti-THITH-09110/1-281,0.161
B2-ttg-P8625-09160/1-280,0.308
B2-ttc-FOKN1-2197/1-289,-0.069
B2-tsz-OOK60-08635/1-307,0.455
B2-tsy-THSYN-31165/1-295,0.185
B2-tsin-OXH18-00850/5-309,0.353
B2-trs-Terro-1868/1-313,0.222
B2-tro-trd-1159/1-306,0.016
B2-tra-Trad-2248/1-299,0.443
B2-tpol-Mal48-42540/1-300,0.225
B2-tpla-ElP-59620/1-298,0.019
B2-tpla-ElP-39140/1-298,0.127
B2-tov-PG911-02380/1-281,0.274
B2-tos-Theos-1145/1-277,0.12
B2-tom-BWR18-20200/1-287,0.083
B2-tmj-P0M04-04500/1-298,0.027
B2-tmb-Thimo-3011/1-293,0.359
B2-tmar-MARIT-0423/1-280,0.306
B2-tlr-Thiosp-01829/1-294,0.381
B2-tla-TLA-TLA-02531/1-294,0.204
B2-tje-TJEJU-1859/1-280,0.306
B2-tin-Tint-1661/1-280,-0.065
B2-tim-GMBLW1-12250/1-284,0.28
B2-tim-GMBLW1-01020/1-298,0.034
B2-thip-N838-27110/1-297,0.223
B2-thec-FFX45-10005/5-311,0.469
B2-thc-TCCBUS3UF1-10160/1-282,0.058
B2-thar-T8K17-17325/1-282,0.256
B2-thar-T8K17-11725/1-295,0.198
B2-thao-NI17-019580/1-320,-0.051
B2-thaa-CFI11-23515/1-287,0.242
B2-tfu-Tfu-3076/1-320,0.078
B2-tfl-RPIT-13190/1-298,0.165
B2-tfi-PJJ26-02390/1-280,0.253
B2-tes-BW730-02780/1-294,0.41
B2-ten-LPB136-09135/1-281,0.307
B2-tcy-Thicy-1506/1-289,0.076
B2-tct-PX653-23490/1-302,0.086
B2-tbog-LT988-15490/1-297,0.447
B2-tbh-Tbon-10820/26-326,0.211
B2-tbc-A0O31-02531/1-276,0.215
B2-tay-JJL45-09460/1-280,0.252
B2-taw-EI545-18910/1-291,0.23
B2-tatu-EFZ10-13600/1-301,0.119
B2-tarv-FIU28-19890/1-294,0.371
B2-tarv-FIU28-05925/1-284,-0.16
B2-taqu-KDW03-10985/1-274,0.599
B2-taq-TO73-1248/1-283,0.499
B2-talb-FTW19-15735/1-304,0.294
B2-tak-Tharo-2031/1-277,0.409
B2-taid-KS242-09300/1-287,-0.367
B2-sze-AW14-14150/1-279,0.123
B2-syu-M744-06500/5-308,0.552
B2-syr-SynRCC307-0239/1-309,0.364
B2-syp-SYNPCC7002-A1936/5-313,0.497
B2-synz-H8F24-02545/1-312,0.441
B2-syny-BM449-04415/1-312,0.485
B2-synp-Syn7502-02247/1-293,0.432
B2-syno-LY254-09790/1-310,0.188
B2-syne-Syn6312-1664/5-310,0.501
B2-syj-D082-22600/33-337,0.607
B2-syi-SB49-01460/1-279,0.225
B2-syg-sync-2607/1-302,0.182
B2-sye-Syncc9902-0299/1-304,0.134
B2-syan-NRK68-02190/1-321,-0.223
B2-sxa-FMM02-01295/1-297,0.163
B2-svu-B1H20-04210/1-320,-0.171
B2-svq-N6Q81-03240/1-323,-0.114
B2-svp-Pan189-28300/1-295,0.328
B2-svi-Svir-26420/1-319,0.035
B2-susq-K3756-17685/1-287,0.192
B2-sus-Acid-1266/1-279,0.413
B2-supe-P0H77-05625/1-301,0.076
B2-sula-BFU36-07015/1-279,0.343
B2-suam-BOO69-19445/1-287,0.168
B2-sual-KDD17-18635/1-287,0.203
B2-styi-C9F11-42125/1-327,0.009
B2-stud-STRTU-000229/1-321,0.038
B2-stsu-B7R87-30825/1-320,-0.297
B2-strw-QHG49-33605/1-321,-0.071
B2-strv-EZV63-02235/1-322,-0.099
B2-strt-A8713-01045/1-321,0.039
B2-stro-STRMOE7-36145/1-321,-0.054
B2-strm-M444-00660/1-320,0.356
B2-stri-C7M71-002905/1-321,0.125
B2-strc-AA958-32200/1-311,-0.274
B2-stp-Strop-4441/1-308,0.196
B2-stee-F3L20-21095/1-321,-0.068
B2-stbr-ABDE16-35550/1-322,0.233
B2-stax-MC45-14215/1-307,-0.209
B2-stan-STA3757-36370/26-329,0.519
B2-stac-ABII15-34085/1-321,0.058
B2-ssyi-EKG83-19250/1-308,0.387
B2-ssy-SLG-31750/1-305,-0.141
B2-ssx-SACTE-5155/1-321,0.047
B2-ssub-CP968-03495/1-321,0.181
B2-ssua-FPZ54-12810/1-312,-0.028
B2-ssol-SULB-0696/1-276,0.37
B2-ssir-WAB15-00140/1-320,0.147
B2-ssin-G7078-04425/1-292,0.076
B2-ssia-A7J05-32665/1-321,0.125
B2-ssed-H9L14-04445/1-291,0.153
B2-ssdc-SSDC-01999/1-302,0.598
B2-ssau-H8M03-07440/1-291,0.172
B2-ssal-SPISAL-03325/1-289,0.175
B2-ssai-N0B31-09220/1-303,0.213
B2-ssaa-RPR59-00745/1-308,-0.312
B2-srug-F0345-02035/1-320,-0.309
B2-srub-C2R22-15220/1-298,0.078
B2-sroe-JL101-015330/1-296,0.169
B2-sro-Sros-3828/1-299,0.007
B2-srm-SRM-01622/1-306,-0.104
B2-srho-HH216-07540/1-278,0.339
B2-srhi-H9L12-01840/1-303,0.222
B2-srf-LHU95-13900/1-287,0.26
B2-srad-LLW23-07505/1-310,-0.244
B2-sqo-NMP03-12375/1-306,-0.288
B2-spzr-G5C33-01965/1-309,-0.075
B2-spsr-EGC80-11290/1-282,0.347
B2-sprz-VXM68-21245/1-278,0.343
B2-sprr-OIM94-12745/1-299,-0.093
B2-spri-SPRI-1985/1-321,0.071
B2-spra-CP972-28965/1-320,-0.172
B2-spph-KFK14-02715/1-312,-0.242
B2-spnb-O3305-15005/1-306,-0.044
B2-spms-ACO227-07405/1-307,0.105
B2-splu-LK06-001900/1-320,-0.053
B2-splm-BXU08-15510/1-309,-0.001
B2-splk-AV944-01240/1-308,-0.266
B2-splb-SFPGR-19990/1-277,0.429
B2-spin-KV203-06910/1-304,0.01
B2-spii-G7077-12800/1-291,0.173
B2-spih-ABXR15-20210/1-319,-0.056
B2-sphz-E3D81-14250/1-278,0.368
B2-sphw-NFX46-17195/1-320,-0.094
B2-sphs-ETR14-09420/1-304,-0.252
B2-sphr-BSY17-1791/2-320,0.026
B2-sphl-LPB140-00865/1-306,-0.142
B2-sphi-TS85-20435/1-301,-0.034
B2-sphf-DM480-06150/1-308,-0.204
B2-sphe-GFH32-11670/1-278,0.123
B2-sphc-CVN68-16190/1-301,-0.001
B2-sphb-EP837-01648/1-310,0.144
B2-spha-D3Y57-11030/1-298,0.09
B2-spbs-L7H23-08085/1-306,0.107
B2-spav-Spa2297-00760/1-319,-0.088
B2-spap-H3Z74-21120/1-309,-0.075
B2-spai-FPZ24-16790/1-308,-0.042
B2-spag-sphantq-02476/1-312,0.023
B2-soke-ACE1N8-29605/1-321,-0.112
B2-soa-G3M56-008925/1-291,0.461
B2-snz-DC008-32755/1-321,0.052
B2-snw-BBN63-01770/1-317,-0.066
B2-snos-K8P63-17445/1-301,-0.083
B2-snk-CP967-06255/1-321,0.282
B2-snig-HEK616-76670/1-321,-0.085
B2-snap-PQ455-16885/1-313,-0.083
B2-snah-OUQ99-06150/1-318,0.067
B2-smor-LHA26-07905/1-301,-0.074
B2-smio-CATMQ487-23660/1-278,0.319
B2-smic-SmB9-24700/1-300,0.449
B2-smet-RQ359-002025/1-277,0.419
B2-sma-SAVERM-1024/1-320,0.103
B2-slut-H9L13-06655/1-293,0.165
B2-sluo-PS467-02390/1-322,-0.075
B2-sle-sle-65930/1-322,0.291
B2-slan-GV829-03320/1-319,-0.002
B2-slai-P8A22-35180/1-321,0.111
B2-slac-SKTS-24320/1-277,0.478
B2-slaa-EUU25-08150/1-300,-0.226
B2-skr-BRX40-04525/1-305,0.257
B2-shug-ABVG11-33060/1-321,-0.281
B2-sht-KO02-17310/1-278,0.23
B2-shk-J2N69-03185/1-321,0.143
B2-shaw-CEB94-26640/1-319,-0.013
B2-shau-K9S39-00845/1-313,0.19
B2-shan-PPZ50-03060/1-300,-0.125
B2-shai-LMH63-08370/1-288,-0.009
B2-sgz-C0216-14710/1-321,-0.106
B2-sgrs-V9K83-29540/1-321,-0.042
B2-sgn-SGRA-2914/1-280,0.378
B2-sgly-P8A20-01745/1-320,0.105
B2-sglc-M1K48-00030/1-304,0.206
B2-sgj-IAG43-31005/1-317,0.038
B2-sgf-HEP81-07770/1-321,-0.166
B2-sge-DWG14-00747/1-321,0.036
B2-sgd-ELQ87-38855/1-324,-0.097
B2-sgb-WQO-01595/1-321,-0.062
B2-sfri-RBJ76-11875/5-310,0.532
B2-sfp-QUY26-00260/1-321,-0.01
B2-sfol-H3H32-33800/1-278,0.356
B2-sflv-IC614-09230/1-306,-0.193
B2-sfla-SPHFLASMR4Y-00463/1-301,-0.112
B2-sfiy-F0344-01100/1-320,0.049
B2-sfic-EIZ62-00465/1-321,0.063
B2-sfc-Spiaf-1661/1-285,0.233
B2-sesp-BN6-50860/1-308,0.347
B2-sesp-BN6-16510/1-307,-0.026
B2-serw-FY030-00350/1-311,0.045
B2-serj-SGUI-1796/1-307,0.25
B2-seon-BWZ22-12355/1-279,0.18
B2-sen-SACE-3539/1-319,-0.049
B2-sdyn-Mal52-28840/1-304,-0.068
B2-sdrz-NEH16-30230/1-320,-0.117
B2-sdr-SCD-n01777/1-282,0.279
B2-sdon-M9980-12950/1-306,-0.141
B2-sdd-D9753-01900/1-321,-0.018
B2-scyt-SAMD-39510/5-310,0.499
B2-scys-NIES4073-63740/1-297,0.297
B2-scyg-S1361-29495/1-320,0.044
B2-scyc-AB1723-15365/1-302,0.014
B2-scy-SCATT-p14940/1-316,-0.068
B2-scx-AS200-41675/1-321,0.035
B2-scol-KFZ77-09170/1-300,-0.182
B2-scl-sce0581/1-298,0.216
B2-scit-V2W30-38605/1-321,-0.085
B2-scin-CP977-26915/1-321,0.258
B2-sci-B446-02725/1-327,-0.114
B2-schy-GVO57-02535/1-297,-0.271
B2-schg-NRO40-28345/1-321,0.113
B2-schf-IPT68-11660/1-321,0.138
B2-sche-QRN89-27680/1-321,0.091
B2-scay-PYS65-00460/1-319,0.026
B2-scad-DN051-36075/1-319,-0.103
B2-sby-H7H31-01620/1-321,-0.067
B2-sbx-CA265-07600/1-278,0.25
B2-sbae-DSM104329-05204/1-286,-0.034
B2-sawl-NGM29-06550/1-297,0.02
B2-sauh-SU9-032480/1-321,0.037
B2-sast-CD934-01560/16-341,-0.071
B2-sass-MUG09-14440/1-281,0.234
B2-sarm-DVA86-08825/1-320,-0.045
B2-sari-H5J25-18465/1-302,-0.279
B2-sanu-K7396-01440/1-321,-0.039
B2-sand-H3309-11760/1-308,-0.148
B2-samy-DB32-008578/1-286,0.16
B2-sami-SAMIE-1000640/1-313,-0.012
B2-salt-AO058-16780/1-279,0.201
B2-sals-SLNWT-1101/1-321,-0.032
B2-salr-FQU85-06800/1-300,0.015
B2-saln-SALB1-1271/1-276,0.548
B2-sali-L593-04750/1-300,0.016
B2-saiu-J4H86-11535/1-312,0.27
B2-saim-K0C01-06245/1-300,0.001
B2-sahs-HS7-13520/1-277,0.417
B2-saer-NEF64-01865/1-307,-0.236
B2-sact-DMT42-03185/1-321,-0.174
B2-sacr-SacRon12I-08445/1-275,0.307
B2-saci-Sinac-5221/1-298,-0.045
B2-sacg-FDZ84-30815/5-323,0.151
B2-sacg-FDZ84-24075/1-319,-0.066
B2-sace-GIY23-11575/1-317,-0.166
B2-sacd-HS1genome-2036/1-284,0.148
B2-sacc-EYD13-12870/1-289,0.385
B2-sacc-EYD13-09030/24-345,0.115
B2-sabi-PBT88-20340/1-302,-0.055
B2-sabd-N8I86-02535/1-321,-0.345
B2-saap-E2E30-15550/1-303,-0.06
B2-rxy-Rxyl-0844/1-312,0.322
B2-rut-FIU92-10190/1-287,0.271
B2-rup-DTQ70-17810/1-276,0.308
B2-ruf-TH63-10585/1-277,0.2
B2-rud-TH61-00080/1-281,0.264
B2-rub-GBA63-06520/1-309,-0.209
B2-rti-DC20-01390/1-277,0.27
B2-rta-Rta-15730/1-279,0.47
B2-rta-Rta-07700/1-302,0.351
B2-rsu-NHU-00229/1-287,0.174
B2-rsp-RSP-0270/1-297,0.21
B2-rsi-Runsl-2479/1-284,0.203
B2-rsf-OED52-12285/1-324,-0.263
B2-rsf-OED52-00530/1-313,0.047
B2-rsc-RCFBP-11661/1-290,0.336
B2-rru-Rru-A0494/1-286,0.226
B2-rrs-RoseRS-2117/40-337,0.107
B2-rrl-RZS32-013200/1-287,0.355
B2-rrd-RradSPS-0731/1-308,-0.011
B2-rpt-Rpal-1700/1-293,0.136
B2-rpon-G3256-18620/1-287,0.297
B2-rpoh-ABWH90-17335/1-287,0.327
B2-rpod-E0E05-11760/1-292,0.169
B2-rpm-RSPPHO-01478/65-369,0.061
B2-rpj-N234-07310/33-331,0.298
B2-rpe-RPE-1316/1-287,0.016
B2-rot-FIV09-18035/1-287,0.153
B2-rom-EI983-05405/1-287,0.137
B2-rok-RAK1035-2727/1-287,0.461
B2-roi-N4261-01165/1-290,0.337
B2-roh-FIU89-14275/1-291,0.346
B2-rmt-IAI58-06220/1-301,0.147
B2-rmh-LVO79-17055/1-287,0.137
B2-rme-Rmet-1944/1-276,0.329
B2-rmar-GBA65-14025/1-315,0.036
B2-rlh-MIZ03-3028/1-279,0.478
B2-rlac-QMO75-01570/1-301,0.22
B2-riv-Riv7116-4190/5-311,0.352
B2-rhwq-HUN07-16250/1-311,0.146
B2-rhsq-E7742-09885/1-313,0.292
B2-rhoz-GXP67-22330/1-279,0.218
B2-rhoq-QWW98-05175/1-302,-0.03
B2-rhc-RGUI-1968/1-287,0.349
B2-rgor-NMQ04-00515/1-320,0.102
B2-rge-RGE-33570/1-289,0.042
B2-rge-RGE-27990/1-282,0.353
B2-rfr-Rfer-1549/1-279,0.441
B2-rfl-Rmf-22160/1-290,0.124
B2-red-roselon-01117/1-287,0.286
B2-rdp-RD2015-1028/1-291,0.277
B2-rcp-RCAP-rcc00680/1-290,0.231
B2-rce-RC1-2086/1-298,0.208
B2-rcb-O1V66-03960/1-299,0.082
B2-rbx-I3V23-09570/1-287,0.259
B2-rbu-PG1C-08555/1-277,0.464
B2-rbl-B6K69-03405/1-287,0.193
B2-rbg-BG454-02980/1-287,0.156
B2-rbar-AWN76-003950/1-301,-0.097
B2-rap-RHOA-2418/1-295,0.064
B2-rant-RHODO2019-09950/1-316,0.099
B2-rain-Rai3103-07465/1-306,0.269
B2-qxi-K3162-10745/8-326,0.152
B2-qsp-L1F33-05210/8-327,-0.046
B2-qso-IRL76-01020/8-326,0.178
B2-qps-K3166-01865/8-326,0.134
B2-qci-NCF85-01225/1-320,0.184
B2-qar-K3148-02835/8-326,0.198
B2-pyw-PYWP30-01286/1-265,0.506
B2-pyh-NEA10-09170/5-308,0.514
B2-pye-A6J80-22060/1-300,0.195
B2-pvs-A1sIA79-02485/1-292,0.05
B2-pvn-A7sIIA15-04375/1-290,0.093
B2-pvj-LMA04-16110/1-301,0.039
B2-pvi-Cvib-0699/8-311,0.001
B2-pvd-CFBP1590--2678/1-306,-0.125
B2-pvar-SH412-005147/1-296,0.195
B2-puo-RZN69-20740/12-305,0.471
B2-ptq-P700755-000613/1-279,0.239
B2-ptp-RCA23-c29560/1-287,0.108
B2-psyd-IMZ30-02340/1-279,0.241
B2-psuu-Psuf-090670/1-286,0.207
B2-psuu-Psuf-068560/1-295,0.162
B2-pstw-DSJ-25960/1-301,0.038
B2-psts-E05-04190/1-301,0.073
B2-psti-SOO65-20750/1-285,0.266
B2-psr-PSTAA-3965/1-300,0.118
B2-pspc-Strain318-002088/1-313,0.202
B2-psow-ABI214-24610/1-311,0.208
B2-psoi-PCC79-01335/1-296,0.224
B2-psn-Pedsa-2218/1-278,0.249
B2-psl-Psta-0880/1-296,-0.073
B2-psez-HME7025-02179/1-276,0.301
B2-pseu-Pse7367-2694/1-295,0.239
B2-pseg-D3H65-25855/1-277,0.354
B2-pseg-D3H65-20265/1-278,0.342
B2-psds-K1T35-30400/1-313,0.294
B2-pry-Prubr-23070/1-303,0.228
B2-prud-CIC07-15655/1-289,-0.394
B2-prs-B9H02-04150/8-310,0.091
B2-pros-CHL67-03860/8-310,0.137
B2-proi-OO005-08075/8-310,0.251
B2-proe-H9L23-07950/1-278,0.209
B2-ppsu-NO713-04488/1-299,0.491
B2-ppsl-BJP27-22990/1-302,-0.253
B2-ppon-MUN68-004595/1-279,0.157
B2-ppho-CTZ24-20825/1-300,0.031
B2-pphi-ACF2G4-19580/1-301,0.107
B2-pph-Ppha-1732/8-310,0.127
B2-poz-I0K15-00045/1-287,0.332
B2-pot-E2E27-17110/1-306,0.167
B2-pont-C1N53-11555/1-277,0.349
B2-pond-ABXT40-01895/1-281,0.062
B2-poly-PSHI2-19270/6-307,0.178
B2-polq-JOP69-05655/1-281,0.177
B2-pog-Pogu-1957/1-265,0.411
B2-pnn-KEM63-01765/1-299,-0.134
B2-pna-Pnap-2964/1-293,0.409
B2-pmuo-LOK61-05980/1-277,0.109
B2-pmh-P9215-01601/1-302,0.275
B2-pmet-G4Y79-17105/21-320,0.216
B2-pme-NATL1-02151/1-311,0.238
B2-pmas-NCF86-00880/3-324,-0.11
B2-pmad-BAY61-23850/1-291,0.204
B2-pma-Pro-0166/1-303,0.334
B2-plul-FOB45-11885/1-300,-0.034
B2-plui-CE143-02655/1-300,0.057
B2-plt-Plut-1356/8-311,0.04
B2-pls-VT03-32805/1-285,0.028
B2-plp-Ple7327-0168/6-308,0.358
B2-plon-Pla110-10470/1-301,0.074
B2-plm-Plim-2244/1-303,0.482
B2-plk-CIK06-01135/1-308,0.329
B2-plim-PHILAsVB114-04235/1-299,0.171
B2-plia-E4191-05640/1-294,-0.001
B2-plh-VT85-09155/1-299,0.001
B2-plcg-RVY76-00650/1-287,0.244
B2-plat-C6W10-31230/1-308,0.133
B2-plan-A1s21148-02825/1-301,0.08
B2-phm-PSMK-19770/1-316,0.339
B2-phao-HF685-04910/1-301,0.022
B2-pgx-OA858-21980/8-314,0.262
B2-pgo-FSB84-04690/1-276,0.373
B2-pgj-QG516-24895/1-278,0.29
B2-pgin-FRZ67-12095/1-278,0.36
B2-pgg-FX982-03314/1-303,0.038
B2-pfv-Psefu-2397/1-305,0.105
B2-pfla-Pflav-039050/1-303,0.298
B2-pfer-IRI77-14415/1-281,0.188
B2-pey-EE896-20445/1-301,0.1
B2-pex-IZT61-05850/1-278,0.258
B2-pep-AQ505-11350/1-278,0.145
B2-pej-FYC62-10805/1-277,0.281
B2-pect-BN1012-Phect1195/1-303,0.062
B2-pdq-CL55-00013490/1-293,0.236
B2-pdes-FE840-002290/15-318,-0.3
B2-pcm-AY601-1637/1-278,0.148
B2-pcm-AY601-1150/1-278,0.106
B2-pcaz-ACMDW7-13535/2-300,0.229
B2-pcay-FRD00-10860/1-291,0.578
B2-pcab-JGS08-13500/1-306,-0.092
B2-pbs-Plabr-0571/1-308,0.13
B2-pbro-HOP40-30480/1-314,0.038
B2-pbor-BSF38-05208/1-299,0.145
B2-pbon-QS306-07660/1-277,0.348
B2-pbh-AAW51-1822/1-278,0.291
B2-pbf-CFX0092-A1030/22-325,0.029
B2-pbaj-LRS13-19620/1-274,0.236
B2-pbae-P8S53-17170/1-289,0.378
B2-pauu-E8A73-015985/1-302,0.494
B2-paur-FGL86-00520/1-300,-0.124
B2-parr-EOJ32-07425/1-294,0.1
B2-parq-DSM112329-00916/1-273,-0.149
B2-parp-HFP51-11850/1-300,-0.096
B2-parn-NBH00-13780/1-287,0.566
B2-parn-NBH00-03945/1-281,0.157
B2-parm-PADco-40/1-304,0.584
B2-parj-J4G78-04020/1-301,-0.113
B2-paqm-E0F26-06865/1-293,0.044
B2-pani-DCO16-03415/1-290,-0.023
B2-palr-HGI30-22140/1-295,-0.336
B2-palo-E6C60-1950/1-290,-0.043
B2-palh-B1H58-04565/1-300,0.008
B2-palg-HFP57-12495/1-300,-0.117
B2-paex-JHW48-06560/1-294,-0.046
B2-pact-CA264-10905/1-278,0.269
B2-paak-FIU66-04445/1-298,-0.204
B2-paa-Paes-1507/8-309,0.183
B2-oxy-HCG48-10000/5-310,0.56
B2-otr-OTERR-11840/1-277,0.525
B2-oto-ADJ79-01145/1-280,0.461
B2-osu-NT6N-33390/1-274,0.423
B2-ost-ABWH87-10810/1-292,0.112
B2-omr-OXIME-000373/14-307,0.438
B2-oll-CW732-09560/1-279,0.096
B2-oli-FKG96-21295/1-281,0.491
B2-oim-ACM613-00670/1-287,0.33
B2-oho-Oweho-3542/1-279,0.239
B2-ofo-BRW83-1189/1-278,-0.017
B2-odi-ODI-R1606/1-287,0.36
B2-oci-FEZ18-00445/1-280,0.091
B2-oac-Oscil6304-1227/5-308,0.465
B2-ntt-TAO-0121/1-286,0.065
B2-ntp-CRH09-12565/1-320,-0.025
B2-nti-DNFV4-01883/1-295,0.173
B2-ntg-NSCAC-1556/1-287,0.315
B2-ntd-EGO55-07400/1-313,-0.034
B2-nsr-NS506-03333/1-310,-0.015
B2-nspu-IFM12276-28990/1-307,-0.208
B2-nsm-JO391-16430/1-287,0.376
B2-nsl-BOX37-19885/1-320,0.033
B2-nsal-HWV07-18240/1-298,0.087
B2-nsal-HWV07-17030/1-299,0.005
B2-nre-BES08-09485/1-303,0.248
B2-npn-JI59-14775/1-305,0.066
B2-nph-NP-4770A/1-298,0.179
B2-now-GBF35-17625/1-299,-0.106
B2-novb-ACFFDA-19125/1-306,0.222
B2-nov-TQ38-003970/1-321,0.162
B2-nou-Natoc-1922/1-297,-0.048
B2-not-C7W88-11870/1-303,0.175
B2-nosz-WKK05-19515/5-310,0.341
B2-nor-FA702-16855/1-301,0.073
B2-nom-AAT17-12195/1-279,0.322
B2-nol-NSDW-14960/1-303,-0.05
B2-nog-GKE62-02580/1-306,-0.095
B2-noc-Noc-1042/1-286,0.142
B2-nmv-NITMOv2-1426/1-286,0.308
B2-nmo-Nmlp-3029/1-298,0.108
B2-nml-Namu-2501/1-293,0.278
B2-nmg-Nmag-3904/1-303,-0.035
B2-nmg-Nmag-1004/1-297,-0.009
B2-nko-Niako-7020/1-278,0.418
B2-njo-ABXT42-10635/1-285,0.115
B2-nja-NSJP-2631/1-288,0.094
B2-niz-NNRS527-02523/1-281,0.442
B2-nio-NITINOP-1991/1-290,0.264
B2-nig-C1N62-06000/1-300,0.105
B2-nif-W02-41450/1-286,0.221
B2-nhy-JQS43-19855/1-304,0.04
B2-nhum-PQ457-03660/1-303,0.449
B2-nho-HWV23-16725/1-298,0.145
B2-nhi-B1s21160-03810/1-303,0.141
B2-ngp-LTT66-28895/1-307,-0.114
B2-ngf-FRF71-04745/1-285,0.091
B2-nge-Natgr-2207/1-297,0.005
B2-nfs-OIE67-39520/1-299,0.003
B2-nex-NE857-27020/1-318,0.119
B2-neo-CYG48-12265/1-301,0.213
B2-nel-NELON-09785/1-282,0.273
B2-ned-HUN01-16245/5-310,0.33
B2-nec-KGD82-05620/1-318,0.146
B2-ndr-HT578-08220/1-319,-0.03
B2-nde-NIDE1520/1-303,0.273
B2-ncx-Nocox-41580/1-305,-0.215
B2-ncx-Nocox-12300/1-299,-0.079
B2-ncp-U0041-12490/1-307,0.264
B2-ncg-KGD84-06835/1-319,0.05
B2-ncb-C0V82-18195/1-291,0.227
B2-nat-NJ7G-1607/1-297,0.007
B2-nas-GCU68-01905/1-297,0.067
B2-narc-NTG6680-1456/1-277,0.359
B2-nara-QQ977-09765/1-296,0.051
B2-naka-H7F38-03440/1-307,0.058
B2-nak-EH165-14465/1-293,0.172
B2-naj-B1756-14485/1-297,-0.018
B2-nag-AArcMg-2867/1-297,0.03
B2-nab-B1sIIB91-03635/1-303,0.003
B2-mzh-Mzhil-0947/1-282,0.385
B2-myq-TUM20985-17680/1-314,0.016
B2-myj-BCA37-19215/1-316,0.17
B2-mye-AB431-19425/1-306,0.104
B2-mvj-ACO0C9-08020/1-282,0.061
B2-mvag-D0A34-24660/1-309,0.308
B2-mva-Mvan-1579/1-315,0.018
B2-mur-EQY75-03140/1-279,0.333
B2-mup-A0256-10270/1-277,0.075
B2-mty-MTOK-37860/1-314,-0.082
B2-mtt-Ftrac-1471/1-280,0.245
B2-mtim-DIR46-08620/1-307,0.147
B2-mth-MTH-1808/1-298,0.293
B2-mten-GWK48-09950/1-280,0.395
B2-mtea-DK419-05095/1-300,0.025
B2-mtai-Mtai-v1c24810/1-275,0.386
B2-mtad-M6G65-16735/1-294,0.186
B2-msv-Mesil-1486/1-280,0.305
B2-msut-LC048-10910/1-287,-0.329
B2-msum-OH143-07375/1-274,0.245
B2-msei-MSEDJ-33060/1-315,0.025
B2-msa-Mycsm-04912/1-316,0.148
B2-mrub-DEO27-021525/1-278,0.264
B2-mrub-DEO27-007910/1-278,0.371
B2-mrub-DEO27-000190/1-277,0.129
B2-mros-EHO51-17005/1-294,0.335
B2-mro-MROS-1398/1-280,0.536
B2-mrm-A7982-08938/1-289,0.249
B2-mrk-FIT61-04330/1-278,0.205
B2-mrid-FGU46-00265/1-277,0.393
B2-mri-Mal4-20830/1-293,0.14
B2-mrh-MycrhN-3656/1-315,0.118
B2-mpur-MARPU-13390/1-298,0.38
B2-mpt-Mpe-A1287/1-287,0.077
B2-mpsc-MPSYJ-51560/1-315,0.055
B2-mpro-BJP34-19445/4-309,0.533
B2-mprc-ACQY1X-04350/5-310,0.553
B2-mpq-ABA45-13175/1-301,0.196
B2-mpof-MPOR-18250/1-314,0.14
B2-mpo-Mpop-3201/1-298,0.077
B2-mpli-E1742-17815/1-302,0.097
B2-mph-MLP-17770/1-299,0.107
B2-mpau-ZMTM-12450/1-278,0.558
B2-mpat-MPNTM1-02370/1-314,-0.086
B2-mpae-K0O64-15030/1-319,-0.043
B2-mox-DAMO-1512/1-285,0.391
B2-mom-KUM42-18350/1-309,0.071
B2-mog-MMB17-13940/1-291,0.082
B2-mne-D174-22640/1-313,-0.023
B2-mmes-MMSR116-13505/1-294,-0.055
B2-mmag-MMAD-33600/1-322,-0.051
B2-mmaf-GCM100-12440/1-293,-0.138
B2-mlt-VC82-2330/1-279,0.35
B2-mll-B1R94-10440/1-310,0.059
B2-mlj-MLAC-33490/1-293,0.017
B2-mlir-LPB04-10350/1-303,0.123
B2-mlio-NYZ99-06110/1-279,0.121
B2-mlil-QLS71-001725/1-279,0.125
B2-mku-I2456-08490/1-313,0.038
B2-minw-ACMVY4-10930/1-293,0.31
B2-mik-FOE78-05430/1-298,-0.254
B2-micy-HUW35-15025/1-306,-0.092
B2-micg-GJV80-17615/1-294,0.134
B2-micf-QQG74-01030/1-308,0.311
B2-mic-Mic7113-2704/5-309,0.518
B2-mhol-K3U96-19750/1-317,-0.072
B2-mhk-DFR87-06350/1-277,0.204
B2-mhev-MHEL-34600/1-309,0.045
B2-mhev-MHEL-00240/1-310,0.144
B2-mhek-JMUB5695-04213/1-315,0.056
B2-mhaw-RMN56-10445/1-308,0.383
B2-mhas-MHAS-02871/1-318,0.156
B2-mhai-OHB01-35250/1-309,0.115
B2-mgro-FZ046-15710/1-314,0.049
B2-mgos-DIU38-008630/1-278,0.298
B2-mgk-FSB76-27655/1-278,0.307
B2-mgg-MPLG2-3616/1-274,0.259
B2-mgel-G5B37-14095/1-280,0.152
B2-mfuj-ABC766-26100/1-294,0.249
B2-mfre-EXE63-20940/1-322,-0.271
B2-mfn-Ga0123462-1080/1-289,0.203
B2-mfla-GO485-19145/1-299,0.052
B2-mfa-Mfla-1469/1-278,0.59
B2-meu-ACJ67-06065/1-279,0.233
B2-mets-DK389-00985/1-300,0.231
B2-metr-BSY238-2441/1-288,0.207
B2-metp-C1M51-03610/9-308,0.447
B2-metj-FZP68-06600/1-288,0.097
B2-meti-DK427-17935/1-304,0.216
B2-met-M446-3735/1-292,-0.082
B2-mesq-C7H62-2007/1-279,0.168
B2-meni-GU700-13805/1-294,0.176
B2-memj-MJ1HA-1203/1-276,0.182
B2-meme-HYG87-08510/1-283,0.052
B2-meci-RVU70-09235/1-294,0.36
B2-mec-Q7C-2167/1-278,0.158
B2-mdu-MDUV-31940/1-314,0.081
B2-mdr-MDOR-36050/1-316,0.192
B2-mda-IPZ59-03505/1-280,0.418
B2-mcoo-MCOO-47800/1-315,-0.013
B2-mcn-Mcup-1039/1-276,0.254
B2-mcee-MCEL-16470/1-315,-0.06
B2-mcb-Mycch-1181/1-314,0.055
B2-mcad-Pan265-16500/6-311,0.288
B2-mbat-BN1208-0600/1-278,0.52
B2-mbac-BN1209-0336/1-293,0.279
B2-matg-ACMVPR-17265/1-288,0.187
B2-masw-AM586-05630/1-304,-0.04
B2-marz-MARA-19450/1-314,-0.186
B2-maru-FIU81-16175/1-287,0.166
B2-marm-YQ22-13895/1-279,0.28
B2-mare-EJ994-07510/1-279,0.22
B2-maqe-RJ40-05270/1-283,0.1
B2-many-MANY-19310/1-311,-0.06
B2-malu-KU6B-16350/1-271,-0.152
B2-mali-EYF70-25705/1-307,0.214
B2-lxr-ACRSBM-26420/1-293,0.402
B2-lxr-ACRSBM-18805/1-308,0.323
B2-lvs-LOKVESSMR4R-03623/1-287,0.153
B2-lvn-BWR22-09835/1-279,0.14
B2-lup-ABWK72-17320/1-278,0.257
B2-luo-HHL09-14255/1-278,0.163
B2-lum-CNR27-10975/1-299,0.081
B2-lul-LPB138-00220/1-279,0.441
B2-lsk-J5X98-03395/5-308,0.534
B2-lsc-KIK02-13670/5-310,0.494
B2-lrs-PX52LOC-07201/1-288,0.34
B2-lpnu-KQ929-13915/1-300,0.11
B2-lme-LEUM-1047/1-292,0.201
B2-lix-H2674-13565/4-309,0.439
B2-limt-LTEGF4-15290/1-286,0.505
B2-lim-L103DPR2-02182/1-279,0.478
B2-lim-L103DPR2-00990/1-290,0.28
B2-lih-L63ED372-01026/1-279,0.491
B2-lih-L63ED372-00646/1-300,0.341
B2-lhk-LHK-02043/1-283,0.251
B2-let-O77CONTIG1-00578/5-308,0.328
B2-lept-JVX88-07605/2-301,-0.015
B2-lepi-EDM05-68650/5-309,0.476
B2-lepb-GFS31-33500/5-308,0.423
B2-lep-Lepto7376-2524/26-334,0.434
B2-len-LEP3755-22450/5-311,0.495
B2-leh-C3F35-04350/1-300,0.015
B2-led-BBK82-33225/1-308,0.307
B2-led-BBK82-02110/1-291,0.204
B2-lec-LGMK-03465/1-294,0.25
B2-lcre-Pla8534-10520/7-302,0.159
B2-lamb-KBB96-16090/1-284,0.063
B2-lacs-H4075-02180/1-278,0.321
B2-kut-JJ691-54660/1-286,0.366
B2-kut-JJ691-01440/1-289,0.392
B2-ksl-OG809-35710/1-289,0.053
B2-kri-OX958-16310/1-321,-0.06
B2-kra-Krad-3229/17-332,0.001
B2-kpie-N5580-20490/1-301,-0.042
B2-kos-KORDIASMS9-03094/1-279,0.339
B2-kon-CONE-0403/1-293,0.392
B2-knv-Pan216-46120/6-308,0.11
B2-kki-KKKWG1-1299/1-283,0.358
B2-kga-ST1E-0461/1-290,0.262
B2-kfl-Kfla-3862/1-317,0.093
B2-kde-CDSE-0422/1-285,0.159
B2-kda-EIB71-09470/1-281,0.29
B2-kct-CDEE-0424/1-291,0.081
B2-kco-BWI95-14435/1-300,0.047
B2-kbt-BCUE-0418/1-290,0.237
B2-kbr-Q4V65-40080/1-293,0.426
B2-kau-B6264-24025/1-321,0.339
B2-kaq-L0B70-00715/1-281,0.235
B2-kal-KALB-2031/1-294,0.408
B2-jov-P8627-08235/1-296,0.272
B2-jie-OH818-23225/1-316,0.083
B2-jcy-M6B22-04005/1-320,0.024
B2-jcy-M6B22-00955/1-297,0.071
B2-jav-OXU80-03260/1-310,-0.061
B2-jat-SAMN05892883-3537/1-309,0.094
B2-jan-Jann-0142/1-287,0.307
B2-ipa-Isop-1566/10-315,0.251
B2-ial-IALB-0398/1-279,0.407
B2-hyr-BSY239-1296/1-293,0.333
B2-hyp-A0257-09435/1-280,0.324
B2-hxa-Halxa-2218/1-299,0.02
B2-hwa-HQ-2860A/1-298,0.362
B2-hut-Huta-0143/1-304,0.14
B2-htu-Htur-2699/1-297,-0.069
B2-hti-HTIA-0155/1-304,0.113
B2-hsw-Hsw-1155/1-284,0.406
B2-hsn-DV733-02820/1-297,0.055
B2-hsl-OE-3376F/1-303,0.255
B2-hsf-HLASA-0241/1-302,0.03
B2-hru-Halru-1200/1-298,0.011
B2-hrm-K6T25-12750/1-298,-0.095
B2-hre-K6T36-14350/1-298,0.117
B2-hra-EI982-16630/1-298,0.088
B2-hra-EI982-09600/1-298,0.14
B2-hpse-HPF-15120/1-290,0.472
B2-hpel-HZS54-08250/1-309,0.09
B2-hoh-Hoch-3404/1-276,-0.076
B2-hoh-Hoch-2212/1-310,0.148
B2-hoax-ABWH89-19265/1-285,0.202
B2-hnv-DDQ68-22080/1-280,0.485
B2-hna-Hneap-1548/1-293,0.157
B2-hmu-Hmuk-0276/1-301,0.082
B2-hmt-MTP16-18135/1-280,0.298
B2-hmi-soil367-17415/1-296,-0.026
B2-hma-rrnAC2069/1-301,0.038
B2-hlu-LT972-03130/1-298,0.103
B2-hls-KU306-00335/1-298,0.397
B2-hlr-HALLA-15990/1-297,0.025
B2-hlm-DV707-06370/1-298,0.218
B2-hlc-CHINAEXTREME08680/1-299,0.038
B2-hla-Hlac-2476/1-300,0.105
B2-hka-R5M92-13635/1-303,-0.112
B2-hje-HacjB3-05935/1-301,0.194
B2-hhy-Halhy-2488/1-278,0.193
B2-hhsr-HSR6-0305/1-298,0.248
B2-hhk-HH1059-06230/1-300,0.257
B2-hhg-XM38-038820/5-309,0.52
B2-hhc-M911-10415/1-287,-0.15
B2-hhc-M911-10380/1-297,0.087
B2-hhb-Hhub-3183/1-305,0.292
B2-hha-Hhal-1618/1-300,-0.074
B2-hfl-PUV54-16180/1-312,0.033
B2-hds-HSR122-1469/1-297,0.032
B2-hdo-MUK72-08405/1-297,0.175
B2-hdl-HALDL1-13215/1-297,0.28
B2-hdf-AArcSl-1202/1-298,-0.008
B2-hda-BB347-09695/1-297,-0.109
B2-hcz-G9Q37-00095/1-302,0.365
B2-hbs-IPV69-04900/2-307,0.092
B2-hbo-Hbor-10680/1-298,0.061
B2-hayc-NGM10-11625/1-298,0.006
B2-hayc-NGM10-02430/1-298,0.076
B2-haxy-NGM07-00960/1-298,0.199
B2-hau-Haur-2703/21-321,0.263
B2-harc-HARCEL1-05885/1-305,0.04
B2-hara-AArcS-2865/1-298,0.071
B2-hao-PCC7418-3681/5-309,0.519
B2-halx-M0R89-11950/1-298,0.197
B2-halu-HUG12-16800/1-298,0.045
B2-halr-EFA46-012305/1-303,0.192
B2-haln-B4589-011200/1-298,0.261
B2-halm-FCF25-03135/1-298,0.079
B2-hali-BV210-13235/1-299,0.016
B2-halg-HUG10-00780/1-299,-0.011
B2-halb-EKH57-12700/1-300,-0.022
B2-hala-Hrd1104-11125/1-304,0.016
B2-hakz-J0X25-02290/1-297,0.038
B2-hahs-HSRCO-0378/1-302,0.048
B2-hah-Halar-2120/1-298,0.255
B2-hae-halTADL-0465/10-325,0.021
B2-habo-JRZ79-05680/1-298,0.17
B2-haad-MW046-14475/1-298,-0.03
B2-gvi-glr1744/19-317,0.338
B2-grs-C7S20-00835/1-279,0.231
B2-grl-LPB144-00255/1-279,0.296
B2-gpn-Pan110-09830/1-298,0.162
B2-goo-HUN08-10615/1-306,-0.044
B2-gog-C1280-25150/10-313,0.404
B2-gob-Gobs-3310/1-315,-0.028
B2-glt-GlitD10-1308/1-299,0.558
B2-glp-Glo7428-1901/5-310,0.323
B2-glj-GKIL-0569/1-291,0.394
B2-gim-F1728-09715/1-298,0.215
B2-ggr-HKW67-02460/65-384,0.286
B2-gfm-Enr17x-10890/1-298,0.03
B2-gfl-GRFL-0483/1-284,0.231
B2-ges-VT84-01710/8-323,0.492
B2-geh-HYN69-05490/1-302,0.366
B2-gee-GM3708-3218/5-309,0.543
B2-gba-J421-1840/2-316,0.15
B2-gax-Pan161-25520/1-293,0.4
B2-gaw-V144x-48700/1-299,0.172
B2-gaa-HX109-10320/1-283,0.258
B2-fyt-QF092-06635/1-287,0.134
B2-fuv-JR347-10505/1-278,0.407
B2-ftj-FTUN-1866/1-304,0.436
B2-fte-Fluta-0935/1-278,0.208
B2-fsn-GS03-02529/1-279,0.31
B2-fse-DI487-03400/1-279,0.461
B2-fsd-LXD69-00480/1-279,0.45
B2-fre-Franean1-5716/1-300,-0.014
B2-frb-AB6B37-04940/1-300,0.095
B2-fra-Francci3-0820/1-304,0.083
B2-fpul-ACBV55-19335/1-300,0.002
B2-fpsz-AMR72-05205/1-279,0.235
B2-fpho-SHINM1-007680/1-281,0.556
B2-fpf-DCC35-01745/1-278,0.492
B2-fpb-NLJ00-00355/1-279,0.272
B2-for-FORMB-04990/1-279,0.088
B2-fop-FNB79-02000/1-278,0.46
B2-foh-FORMA-06000/1-279,0.14
B2-fml-FMIA91-20930/1-298,-0.219
B2-fmg-HYN48-07475/1-279,0.245
B2-flu-CHH17-15395/1-278,0.091
B2-flr-ABFU83-17680/1-278,0.3
B2-flr-ABFU83-17630/1-278,0.276
B2-flo-K1I41-11705/1-279,0.314
B2-fln-FLA-3502/1-278,0.309
B2-flm-MY04-1515/1-278,0.238
B2-fld-ABNE31-07535/1-280,0.252
B2-fla-SY85-20310/1-279,0.205
B2-fki-FK004-18785/1-278,0.288
B2-fix-M8332-06445/1-289,0.308
B2-fis-FIS3754-40480/5-310,0.392
B2-fgi-OP10G-1131/3-298,0.218
B2-fgg-FSB75-11345/1-280,0.198
B2-fei-K9M53-11665/1-278,0.249
B2-fco-FCOL-07420/1-282,0.334
B2-fbu-UJ101-02154/1-280,0.352
B2-fbt-D770-17125/1-280,0.344
B2-fbr-FBFL15-2141/1-279,0.21
B2-fbe-FF125-10075/1-278,0.267
B2-fbc-FB2170-07629/1-278,0.237
B2-fba-FIC-01506/1-281,0.209
B2-fay-Q4Q34-00315/1-279,0.148
B2-faq-G5B39-11915/7-311,0.28
B2-fam-OYT1-ch0654/1-277,0.361
B2-falb-HYN59-11340/1-278,0.317
B2-fak-FUA48-16900/1-279,0.413
B2-fag-K5I29-06215/1-278,0.477
B2-fae-FAES-0892/1-278,0.361
B2-eva-EIB75-07720/1-278,0.237
B2-euz-DVS28-a3644/25-343,0.338
B2-est-DN752-10570/1-280,0.386
B2-erz-ER308-05440/1-296,-0.259
B2-eryz-F7D01-09715/8-323,0.226
B2-eryt-KDC96-00055/1-310,0.064
B2-erys-LY632-04635/8-323,-0.086
B2-ery-CP97-13035/1-313,-0.002
B2-erk-CD351-14895/9-324,0.051
B2-eps-L0Y14-06690/1-278,0.709
B2-epl-P4G45-10030/1-301,0.26
B2-eol-Emtol-1509/1-278,0.317
B2-enn-FRE64-16095/5-309,0.435
B2-enj-QRD42-07520/1-300,-0.116
B2-emv-HQR01-12390/8-326,0.091
B2-emi-Emin-0026/1-268,0.336
B2-emg-BBD33-08450/1-278,0.214
B2-emar-D1013-15310/1-279,0.231
B2-elt-FGE20-11570/1-278,0.045
B2-elio-KO353-03120/1-284,0.349
B2-eli-ELI-09895/16-332,0.116
B2-eke-EK0264-01895/1-294,0.102
B2-egn-BMF35-a1135/1-312,-0.156
B2-ege-EM595-0217/1-300,0.084
B2-efal-FH779-06985/1-278,0.169
B2-eda-GWR55-08000/1-301,-0.003
B2-ebk-PF049-12845/8-321,0.245
B2-dys-G7050-08300/1-276,0.285
B2-dvc-Dvina-53025/1-308,0.243
B2-dtae-LAJ19-08015/1-297,0.282
B2-dsn-HWI92-08665/1-278,0.238
B2-dsh-Dshi-3509/1-300,0.321
B2-dsc-ABOD76-05320/1-281,0.373
B2-dros-Drose-37560/1-309,0.149
B2-drh-JI748-12785/1-300,-0.028
B2-drc-G0Q07-15410/1-280,0.38
B2-drb-N0D28-09210/1-309,0.327
B2-dra-DR-0862/18-325,0.246
B2-dpu-SU48-10550/1-287,0.345
B2-dph-EHF33-04895/37-345,0.275
B2-dpd-Deipe-3139/1-294,0.307
B2-doz-HEP80-11635/5-310,0.269
B2-dok-MED134-13071/1-279,0.237
B2-doe-DENOEST-1302/1-281,0.404
B2-dmr-Deima-2482/1-287,0.325
B2-dmb-E5F05-16675/1-277,0.313
B2-dhi-LH044-16560/1-295,0.199
B2-dge-Dgeo-0523/1-298,0.357
B2-dfe-Dfer-2031/1-278,0.294
B2-dez-DKM44-06520/1-302,0.23
B2-derm-H7F30-01095/1-310,0.071
B2-deid-HLB42-03935/1-299,0.246
B2-daur-Daura-50565/1-309,0.244
B2-daqu-M8445-14920/1-295,0.289
B2-dah-DAETH-11070/1-299,0.212
B2-dact-KZZ52-59265/1-307,0.24
B2-dab-AUC44-10155/1-297,0.37
B2-cyu-UCYN-01090/5-310,0.594
B2-cyn-Cyan7425-4189/5-312,0.269
B2-cyl-AA637-04020/5-309,0.598
B2-cyh-Cyan8802-0309/5-310,0.548
B2-cyc-PCC7424-1158/5-310,0.494
B2-cya-CYA-0317/1-311,0.273
B2-cwa-CwatDRAFT-0948/5-310,0.446
B2-cvl-J8C06-05580/13-316,0.409
B2-cvi-CV-2978/1-286,0.398
B2-ctt-CtCNB1-1246/1-279,0.475
B2-ctm-Cabther-A1235/13-319,0.66
B2-cthe-Chro-0493/5-311,0.489
B2-ctez-CT3-29420/1-279,0.429
B2-csu-CSUB-C0583/1-290,0.155
B2-csha-EG350-11370/1-278,0.299
B2-csau-ACL6C3-28700/4-309,0.43
B2-cros-N8J89-28185/1-309,0.376
B2-cros-N8J89-26175/1-303,-0.004
B2-cprv-CYPRO-2099/32-339,0.015
B2-cph-Cpha266-1738/8-310,0.256
B2-cpb-Cphamn1-0969/8-311,0.151
B2-corz-MTP08-05915/1-278,0.212
B2-cnr-EB819-06260/1-282,0.281
B2-cna-AB433-09240/1-308,-0.077
B2-cmet-K6K41-01640/1-287,0.078
B2-cmb-CSW64-08135/1-304,-0.077
B2-cman-A9D14-09345/1-311,-0.113
B2-clz-BIU88-03825/8-310,0.297
B2-cly-Celly-0459/1-278,0.555
B2-cli-Clim-1585/8-309,-0.039
B2-cjap-GWK36-12670/1-307,0.445
B2-cij-WG74-04285/8-323,0.184
B2-chyd-H4K34-01080/1-279,0.216
B2-chya-V22-34170/2-311,-0.072
B2-chrp-G6R40-06660/1-278,0.235
B2-chra-F7R58-04790/1-283,0.258
B2-chq-AQ619-10255/1-302,0.113
B2-chon-NIES4102-28510/5-309,0.273
B2-chk-D4L85-20250/1-278,0.265
B2-chih-GWR21-08625/1-275,0.333
B2-chh-A0O34-20920/1-278,0.143
B2-cgc-Cyagr-2891/1-309,0.345
B2-cfu-CFU-2447/1-286,0.365
B2-cflu-ODZ84-06670/1-278,0.15
B2-cfh-C1707-14410/1-306,-0.002
B2-cep-Cri9333-2889/5-309,0.58
B2-cenp-M9799-18905/1-308,-0.181
B2-ceec-P3F56-03470/5-310,0.494
B2-cdn-BN940-12461/1-287,0.311
B2-ccz-CCALI-01286/1-306,-0.341
B2-ccro-CMC5-014430/1-290,0.102
B2-ccot-CCAX7-21630/1-287,0.023
B2-ccos-Pan44-04150/1-292,0.462
B2-cch-Cag-1175/11-316,0.082
B2-ccaz-COUCH-00050/1-301,0.001
B2-cbx-Cenrod-1402/1-284,0.449
B2-cbw-RR42-m1600/1-278,0.181
B2-cbrv-R0137-14580/11-309,0.412
B2-cbly-IPM89-13640/1-289,-0.23
B2-cbal-M667-09585/1-279,0.229
B2-cbae-COR50-11720/1-281,0.332
B2-cbaa-SRAA-0596/1-288,0.472
B2-caub-AMEJIAPC-01529/1-303,0.029
B2-cau-Caur-2684/38-335,0.1
B2-cati-CS0771-70280/1-308,0.331
B2-cati-CS0771-01860/19-323,0.314
B2-cat-CA2559-00920/1-279,0.21
B2-caru-P0E69-14730/1-301,0.168
B2-cap-CLDAP-29060/19-321,-0.27
B2-camu-CA2015-1203/1-281,0.402
B2-calt-Cal6303-5615/5-310,0.532
B2-cals-NIES3974-43260/5-310,0.285
B2-call-OZ401-004422/22-324,-0.246
B2-calh-IJ00-15385/5-310,0.467
B2-cagg-HYG79-01980/1-279,0.278
B2-cag-Cagg-0937/38-331,0.12
B2-caen-K5X80-13440/1-302,-0.011
B2-bvr-BVIR-594/5-303,0.146
B2-bvo-Pan97-09540/1-292,0.064
B2-bsen-DP114-24220/5-310,0.414
B2-bsed-DN745-03175/1-310,0.278
B2-brt-J4N02-13495/1-307,-0.044
B2-brt-J4N02-03600/1-299,0.228
B2-bros-QUH67-09795/1-290,0.136
B2-brf-E4M01-08545/1-303,0.202
B2-brea-HZ989-10870/1-306,0.262
B2-bra-BRADO6506/1-305,0.094
B2-boy-LQG66-16005/1-286,0.137
B2-bos-BSY19-4062/1-296,0.087
B2-bmaa-T8S45-13750/1-297,0.078
B2-blap-MVA48-06275/1-306,-0.044
B2-blag-BLTE-02260/7-305,0.313
B2-bia-GMA17-02080/1-279,0.141
B2-bgz-XH91-02615/1-286,0.153
B2-bgoe-IFJ75-10155/1-305,0.27
B2-bgl-bglu-1g13400/1-279,0.119
B2-beb-AEM42-08775/1-277,0.419
B2-bbet-F8237-24640/1-290,0.141
B2-bbau-AEM51-00695/1-278,0.282
B2-bbar-RHAL1-03021/1-297,0.012
B2-bbag-E1O-14380/1-282,0.111
B2-bbae-FRD01-09485/1-290,0.337
B2-bba-Bd1725/1-288,0.554
B2-bav-BAV2418/1-287,0.199
B2-azi-AzCIB-2651/1-277,0.335
B2-aym-YM304-37420/10-310,0.071
B2-aws-ACN3XK-17195/1-306,-0.123
B2-aue-C5O00-10055/1-280,0.142
B2-aub-LXB15-16105/1-315,-0.257
B2-atm-ANT-13460/1-297,0.362
B2-atl-Athai-67540/1-296,0.046
B2-atl-Athai-59100/1-297,-0.022
B2-athm-L1857-19490/1-316,-0.034
B2-ater-MW290-02590/1-295,0.291
B2-atep-Atep-25220/1-302,0.423
B2-asx-CDL62-12190/1-277,0.291
B2-aswu-HUW51-16665/1-277,0.254
B2-asul-DFR86-00645/1-276,0.34
B2-asub-NLZ15-09175/1-300,0.144
B2-aser-Asera-27750/1-298,0.078
B2-asd-AS9A-1304/1-305,0.032
B2-asag-FGM00-11465/1-279,0.275
B2-asac-ATHSA-1564/1-272,0.313
B2-ars-ADJ73-01535/1-294,0.454
B2-aroo-NQK81-06120/1-320,0.018
B2-ark-D6B99-09670/1-278,0.217
B2-arhd-VSH64-00785/1-307,0.138
B2-arac-E0W69-006370/1-278,0.239
B2-aqe-NBT05-16500/1-279,0.231
B2-aqb-D1818-22400/1-279,0.265
B2-aqb-D1818-07560/1-278,0.292
B2-aprt-MUY14-19360/1-313,-0.016
B2-apop-AB6B39-08955/1-304,-0.036
B2-apc-HIMB59-00004240/1-279,0.256
B2-apb-SAR116-2129/1-294,0.064
B2-apau-AMPC-20770/2-312,0.247
B2-aori-SD37-26370/1-320,0.129
B2-anw-QP939-37020/1-314,-0.059
B2-anp-FK178-00700/1-279,0.34
B2-anh-A6F65-00929/12-329,0.054
B2-ana-alr1833/5-310,0.343
B2-amyz-HUW46-01060/1-305,0.023
B2-amys-CVV72-17645/1-309,0.064
B2-amyc-CU254-09455/1-307,0.125
B2-amx-AM2010-155/13-334,-0.061
B2-amv-ACMV-18850/1-287,0.22
B2-amr-AM1-4825/5-313,0.379
B2-amog-QRX60-25325/1-308,0.106
B2-amm-AMES-4026/1-320,0.154
B2-amim-MIM-c14990/1-293,0.303
B2-ami-Amir-3811/1-310,0.249
B2-amaz-LUW76-23950/1-297,-0.224
B2-amax-ABWH92-08940/1-274,0.105
B2-aman-B6F84-05730/1-277,0.304
B2-alx-LVQ62-05430/1-292,0.513
B2-altn-LBX01-16005/3-319,0.009
B2-alti-ALE3EI-0047/1-280,0.13
B2-altc-P7228-09410/1-308,0.128
B2-als-DJ013-12910/1-279,0.105
B2-alo-CRK55726/1-303,0.122
B2-alm-AO498-03150/1-280,0.37
B2-alkl-MM271-11085/1-283,0.031
B2-alh-G6N82-05720/1-312,0.019
B2-alb-AEB-P3493/8-324,0.267
B2-aic-JK629-10100/1-280,0.198
B2-ahz-APS56-04135/1-279,0.062
B2-ahm-TL08-09880/1-308,0.239
B2-ahg-AHOG-09555/1-317,-0.103
B2-ahai-AB8619-00075/1-286,0.355
B2-agv-OJF2-57960/1-299,0.258
B2-agra-AGRA3207-003216/1-301,-0.074
B2-agla-OIE69-39930/1-323,0.012
B2-agl-PYTT-2048/1-288,0.338
B2-agi-FSB73-21695/1-278,0.318
B2-agc-BSY240-3675/11-314,-0.08
B2-afw-Anae109-4080/2-310,0.194
B2-afus-EYZ66-11075/1-293,0.642
B2-afo-Afer-0469/1-294,-0.003
B2-aflv-QQW98-08575/3-319,-0.083
B2-afla-FHG64-14145/1-279,0.233
B2-afas-NZD89-04680/1-286,0.284
B2-aey-CDG81-09540/1-321,-0.033
B2-aev-EI546-03780/1-278,0.409
B2-aest-RBH94-00260/1-279,0.148
B2-aequ-QCQ61-00340/1-280,0.107
B2-aep-AMC99-00377/20-336,-0.009
B2-ado-A6F68-02787/13-329,-0.229
B2-acyn-ORV05-06075/1-294,0.244
B2-acx-Achr-15270/1-298,0.09
B2-actw-F7P10-16210/1-308,-0.101
B2-actq-OG417-12410/1-319,0.037
B2-acti-UA75-10125/1-317,-0.061
B2-actb-RHM62-15635/1-299,0.264
B2-acta-C1701-24095/1-320,0.037
B2-acob-P0Y56-06715/1-293,0.283
B2-acoa-RB602-13750/1-309,-0.045
B2-acld-ACIRQ6-18430/1-287,0.2
B2-acir-OG979-20440/1-301,0.042
B2-acih-HS5-02330/1-277,0.327
B2-ace-Acel-1694/1-303,0.037
B2-acab-QRX50-36470/1-319,0.246
B2-aca-ACP-0813/1-305,0.349
B2-abiw-Abiwalacus-03000/1-289,-0.036
B2-abaw-D5400-04865/1-295,0.176
B2-abas-ACPOL-1264/1-310,0.548
B2-abar-AMYBAR-003015/1-311,0.234
B2-abam-B1s21122-03940/1-303,-0.126
B2-aay-WYH-03017/8-324,-0.166
B2-aav-Aave-1456/1-286,0.429
B2-aaur-V5P93-006076/1-305,0.1
B2-aaur-V5P93-003831/1-318,0.044
B2-aant-HUK68-21185/1-308,-0.11
B2-aalu-ABWI00-15445/1-287,0.059
B2-aalm-LUX29-07835/1-300,-0.06
B2-aalg-AREALGSMS7-02441/1-278,0.342
B2-aagg-ETAA8-47010/1-288,0.393
B2-aad-TC41-2731/1-289,0.149
B2-aacd-LWP59-15940/1-307,0.114
B2-aac-Aaci-2819/10-317,0.331
B2-aab-A4R43-17070/1-314,0.042
B1-zma-109940986/112-422,-0.075
B1-zju-107415066/79-388,0.071
B1-vvo-131628824/76-387,0.094
B1-vvi-100262162/88-403,0.15
B1-vun-114194433/77-386,-0.118
B1-twl-119993475/69-371,0.33
B1-twl-119982279/85-397,0.013
B1-tps-THAPSDRAFT-22768/184-508,0.12
B1-tdc-119302860/105-413,0.023
B1-tang-140777617/102-406,0.168
B1-sspl-121741915/78-385,0.256
B1-soe-110797345/63-367,0.23
B1-soe-110797344/62-359,0.389
B1-slaf-141616835/108-420,0.263
B1-sind-105170255/78-389,0.172
B1-sdul-129887821/79-384,0.27
B1-rsz-108842687/108-419,0.078
B1-rcu-8271541/75-382,0.387
B1-rarg-115753212/75-377,0.22
B1-qsa-O6P43-022003/73-380,0.249
B1-pvy-116139360/78-390,0.309
B1-pti-PHATRDRAFT-56481/181-501,0.109
B1-psom-113297112/77-386,0.169
B1-psom-113282577/116-431,0.011
B1-ppp-112286139/119-432,0.307
B1-ppp-112276694/119-437,0.195
B1-pop-18097235/75-382,0.25
B1-pnz-133702277/78-391,0.101
B1-phua-140991244/77-386,0.185
B1-peu-105126895/92-406,-0.007
B1-peq-110033593/69-383,0.157
B1-pdul-117631451/74-387,0.003
B1-pdul-117621014/112-427,-0.065
B1-pda-103719284/89-398,0.272
B1-pcin-129309874/79-389,0.059
B1-ota-OT-ostta05g03530/101-408,0.001
B1-oeu-111405835/70-385,0.247
B1-nnu-104608100/84-395,0.099
B1-ncol-116264768/78-389,0.284
B1-ncol-116260961/114-424,0.195
B1-mus-135622853/91-397,0.334
B1-mpp-MICPUCDRAFT-32317/125-433,0.376
B1-mis-MICPUN-85839/44-352,0.05
B1-ming-122059361/85-397,0.235
B1-mean-126667182/69-382,0.038
B1-lsv-111916034/116-431,0.278
B1-lsv-111890198/62-371,0.334
B1-ini-109159998/59-369,0.459
B1-hsyr-120130329/66-377,0.321
B1-hlp-133784705/105-419,0.147
B1-gsl-Gasu-32640/133-453,0.298
B1-gra-105788812/112-418,0.15
B1-ghi-107959745/65-365,0.254
B1-egt-105955917/79-387,0.305
B1-ecad-122610053/107-426,0.113
B1-ecad-122596107/68-382,0.179
B1-dct-110098011/83-391,0.021
B1-csl-COCSUDRAFT-52083/14-333,0.34
B1-csin-114259171/99-410,0.455
B1-csaa-142638986/85-395,0.191
B1-cqi-110737167/110-407,0.34
B1-cqi-110695912/76-379,0.075
B1-cmo-103491584/78-385,0.355
B1-cme-CYME-CMM166C/213-530,0.163
B1-cjf-131071445/85-397,0.161
B1-cjf-131051785/123-434,0.195
B1-cit-102614132/76-385,0.171
B1-carb-113736457/73-389,0.105
B1-carb-113698812/124-439,0.225
B1-carb-113688784/90-391,0.272
B1-bvg-104889870/82-387,0.062
B1-bvg-104889869/67-377,0.121
B1-bvg-104889868/65-372,0.354
B1-bpg-Bathy03g04230/96-410,-0.209
B1-bhj-120067053/75-385,0.349
B1-atri-130828875/67-370,0.189
B1-atr-18445377/102-413,0.104
B1-atr-18443117/85-394,0.003
B1-atr-18432609/55-363,0.091
B1-aprc-113851327/76-383,0.164
B1-apan-127262653/91-405,0.242
B1-aof-109850733/110-424,0.22
B1-aof-109833102/92-398,0.258
B1-aof-109831381/1-300,0.247
B1-ahf-112740231/85-394,0.085
B1-agrv-141662095/75-383,0.375
B1-aew-130794837/79-379,0.337
B1-acak-137938631/122-434,0.083
B1-acak-137936152/50-364,0.118
M-vik-KFZ58-17675/1-285,0.059
M-vhl-BME96-14535/1-298,-0.218
M-too-C7K38-02270/1-288,-0.252
M-tey-GLW17-04545/1-288,-0.273
M-swa-A284-01655/1-287,-0.297
M-sure-SporoP32a-09255/1-287,0.207
M-strb-QWT68-13915/1-285,0.017
M-stas-HYI43-02290/1-287,-0.609
M-ssuc-ACSSAF-13665/1-291,-0.19
M-ssim-SAMEA4384339-2368/1-286,-0.522
M-ssif-AL483-11050/1-287,-0.261
M-sscu-CEP64-13170/1-291,-0.364
M-ssac-I6I31-02605/1-287,-0.231
M-spsd-JMB28-00830/1-291,-0.348
M-spos-DV702-13355/1-287,0.207
M-spop-SporoP37-09275/1-289,0.043
M-spic-SAMEA4384060-0212/1-286,-0.338
M-spet-CEP67-08110/1-284,-0.463
M-sow-QWT69-16185/1-287,0.155
M-snl-BJD96-00595/1-301,-0.193
M-slg-SLGD-00187/1-287,-0.465
M-sjt-PGH26-14165/1-285,0.123
M-sje-AAV35-007825/1-277,-0.362
M-shua-PQ477-11055/1-290,-0.485
M-shom-EGX58-06060/1-288,-0.571
M-sdev-Q2T90-05250/1-287,-0.404
M-schr-DWB92-00430/1-293,-0.353
M-scar-DWB96-01945/1-287,-0.242
M-scap-AYP1020-1733/1-287,-0.238
M-sca-SCA-2274/1-287,-0.333
M-sbah-RQP18-00375/1-295,-0.375
M-saug-SA268-2478/1-287,-0.426
M-sapl-U0355-08440/1-277,-0.366
M-sale-EPH95-02290/1-284,-0.261
M-sahz-ACKRAT-11235/1-295,-0.157
M-saca-FFV09-08620/1-290,-0.047
M-rts-CE91St31-24600/1-300,-0.081
M-rtf-VQP54-08220/1-289,0.107
M-ross-V2W31-08045/1-278,-0.196
M-rmf-D5E69-08435/1-276,-0.32
M-ptri-KDC22-30850/1-285,0.08
M-psyh-D0S48-20350/1-277,-0.056
M-pswu-SY83-14340/1-291,-0.214
M-psua-FLK61-30285/1-280,0.045
M-pshx-QWY21-03950/1-285,0.037
M-proo-MJB10-04020/1-289,-0.107
M-ppsr-I6J18-04210/1-284,-0.252
M-pona-IMZ31-07415/1-282,-0.212
M-pof-GS400-07990/1-277,-0.486
M-pmw-B2K-16060/1-298,-0.014
M-pmat-BBI11-15120/1-276,-0.132
M-pliq-QWY22-17145/1-277,0.123
M-play-DNR44-006395/1-276,0.122
M-pgq-FK545-11585/1-285,-0.105
M-pfae-AJGP001-15435/1-277,0.174
M-pchu-QNI29-08895/1-282,-0.067
M-pbd-PBOR-33895/1-286,0.069
M-pbac-HUB98-14530/1-290,0.189
M-paun-MJA45-20700/1-290,-0.177
M-paea-R70723-30720/1-292,-0.087
M-oih-OB2460/1-284,0.354
M-ocs-OF820-08595/1-264,-1.027
M-ntx-NQZ71-26155/1-292,0.021
M-mlit-KDJ21-000495/1-280,-0.139
M-mlen-H3V22-08595/1-291,-0.229
M-mequ-KFV11-00690/1-294,0.112
M-mepi-KFV12-00565/1-288,-0.172
M-menl-MVE64-00090/1-298,-0.231
M-mcui-G8O30-03230/1-276,-0.081
M-mcg-GL4-3107/1-336,0.114
M-mbru-MGG13-00645/1-288,-0.185
M-mboc-QSV55-01040/1-288,-0.334
M-marr-BKP56-12410/1-294,-0.157
M-macr-BHM04-10280/1-287,-0.229
M-lle-AYR59-01030/1-291,-0.204
M-larg-LPA65-13980/1-293,-0.172
M-jpo-G7058-05440/1-291,-0.073
M-jep-BW721-07655/1-292,-0.096
M-jeo-JMA-13810/1-276,-0.206
M-jem-LZ578-02805/1-299,-0.139
M-jda-BW727-102020/1-291,-0.132
M-hsan-MUN89-15050/1-278,-0.426
M-hmn-HM131-12855/1-278,-0.408
M-hli-HLI-02860/1-278,-0.408
M-hhd-HBHAL-2762/1-278,-0.219
M-hamy-MUO15-10550/1-298,-0.084
M-gsm-MUN87-19310/1-285,-0.141
M-fpn-ABE65-002085/1-280,0.083
M-fcp-M3M37-06690/1-289,0.446
M-eyy-EGYY-04210/1-293,-0.004
M-exm-U719-03905/1-277,0.242
M-esy-ACMHDP-03035/1-286,-0.078
M-esi-Exig-0737/1-275,0.242
M-emu-EMQU-2797/1-298,-0.046
M-elim-B2M23-13180/1-287,0.048
M-ele-Elen-2267/1-292,-0.325
M-ehr-EHR-05365/1-289,-0.127
M-egv-EGCR1-04840/1-294,-0.229
M-egd-GS424-012835/1-293,-0.16
M-ega-AL523-15525/1-307,-0.156
M-edu-LIU-01925/1-296,0.025
M-ecto-MUG87-16910/1-285,-0.273
M-eaur-NMQ00-11645/1-279,0.188
M-eat-EAT1b-2492/1-279,0.186
M-eap-KB235-12910/1-279,0.189
M-dinc-QNK01-06850/1-295,-0.199
M-cspg-LS684-05850/1-276,-0.035
M-crn-CAR-c19230/1-291,0.031
M-cohn-KCTCHS21-30310/1-286,-0.019
M-cohl-J4772-05580/1-286,-0.016
M-cgot-J1899-01865/1-300,-0.452
M-caw-Q783-08815/1-286,-0.079
M-bwh-A9C19-15130/1-281,-0.177
M-bse-Bsel-2213/1-283,-0.472
M-bpf-BpOF4-14560/1-279,-0.276
M-bmur-ABE28-002615/1-300,-0.118
M-bmq-BMQ-0656/1-282,-0.053
M-bko-CKF48-16150/1-287,-0.077
M-bif-N288-07345/1-278,-0.121
M-bif-N288-02865/1-298,-0.237
M-bham-ABN702-13485/1-277,-0.298
M-bco-Bcell-3989/1-279,-0.033
M-bbev-BBEV-1362/1-278,-0.45
M-bacw-QR42-05250/1-279,-0.109
M-bacv-I7V34-16105/1-282,-0.201
M-bacq-DOE78-06250/1-278,-0.009
M-awi-CHL1-000150/1-286,0.117
M-aui-APT62-02920/1-300,-0.13
M-apal-BN85410530/1-284,-0.124
M-aoc-Aocu-02610/1-288,-0.432
M-amaj-ACIUZZ-00875/1-288,0.396
M-ahk-NCTC10172-00272/1-283,-0.221
M-ahal-FTX54-007650/1-280,-0.146
M-afl-Aflv-2199/1-285,-0.291
M-acl-ACL-1415/1-286,-0.329
M-achp-QR721-06830/1-295,-0.005
M-aaxa-NCTC10138-01637/1-286,-0.444
