Protein ID,Sequence Length,Molecular Weight,Theoretical pI,Total Negatively Charged Residues,Total Positively Charged Residues,charge,Ext. Coeff (Cystines),Ext. Coeff (Reduced Cys),Instability Index,Stability,Aliphatic Index,aromaticity,GRAVY,Average Flexibility,% Alpha Helix,% Beta Turn,% Random Coil,A Count,C Count,D Count,E Count,F Count,G Count,H Count,I Count,K Count,L Count,M Count,N Count,P Count,Q Count,R Count,S Count,T Count,V Count,W Count,Y Count
M_vik_KFZ58_17675/271-285,15,1833.16,6.11,2,2,-0.36,1490,1490,6.46,Stable,110.00,0.07,0.059,1.01,26.67,6.67,46.67,0,0,0,2,0,0,0,2,1,0,1,0,1,2,1,0,1,3,0,1
M_vhl_BME96_14535/272-298,27,3058.45,9.69,3,6,1.69,1490,1490,54.29,Unstable,97.41,0.04,-0.218,1.00,33.33,14.81,37.04,3,0,0,3,0,0,1,2,2,1,0,0,0,1,3,4,2,4,0,1
M_too_C7K38_02270/270-288,19,2183.46,6.73,3,4,-0.31,0,0,86.66,Unstable,117.89,0.00,-0.252,1.01,42.11,26.32,31.58,0,0,0,3,0,0,1,2,2,3,0,0,0,1,1,5,0,1,0,0
M_tey_GLW17_04545/270-288,19,2199.51,8.56,3,4,0.64,0,0,23.66,Stable,112.63,0.00,-0.273,1.01,36.84,21.05,42.11,0,0,0,3,0,1,0,2,2,2,0,2,0,0,2,1,2,2,0,0
M_swa_A284_01655/269-287,19,2336.73,10.29,1,6,4.63,2980,2980,42.02,Unstable,97.37,0.11,-0.297,1.00,36.84,21.05,36.84,1,0,1,0,0,0,0,1,4,2,0,2,0,1,2,1,0,2,0,2
M_sure_SporoP32a_09255/273-287,15,1562.90,8.72,1,2,0.64,0,0,11.90,Stable,110.67,0.00,0.207,0.99,60.00,13.33,26.67,4,0,0,1,0,0,0,0,1,1,2,0,0,0,1,2,0,3,0,0
M_strb_QWT68_13915/271-285,15,1730.04,9.48,2,3,0.64,0,0,67.54,Unstable,123.33,0.00,0.017,0.98,33.33,13.33,40.00,1,0,0,2,0,1,0,2,0,1,1,0,0,0,3,1,1,2,0,0
M_stas_HYI43_02290/269-287,19,2427.98,10.92,0,11,9.68,6990,6990,8.53,Stable,56.32,0.11,-0.609,1.03,52.63,15.79,26.32,0,0,0,0,0,0,1,1,9,1,0,1,0,0,1,2,0,1,1,1
M_ssuc_ACSSAF_13665/269-291,23,2852.38,10.28,2,7,4.63,2980,2980,31.67,Stable,114.35,0.09,-0.190,1.00,39.13,13.04,47.83,0,0,0,2,0,0,0,3,4,3,0,1,0,0,3,2,2,1,0,2
M_ssim_SAMEA4384339_2368/268-286,19,2324.72,10.47,0,7,6.62,2980,2980,6.71,Stable,56.32,0.11,-0.522,1.02,42.11,15.79,31.58,1,0,0,0,0,0,0,0,6,1,0,2,0,2,1,1,1,2,0,2
M_ssif_AL483_11050/270-287,18,2240.72,11.17,0,7,6.63,2980,2980,33.14,Stable,75.56,0.11,-0.261,1.00,33.33,16.67,33.33,0,0,0,0,0,1,0,1,4,1,1,0,0,1,3,2,0,2,0,2
M_sscu_CEP64_13170/269-291,23,2824.35,10.38,2,8,5.63,2980,2980,22.38,Stable,80.43,0.09,-0.364,1.01,43.48,17.39,30.43,1,0,0,2,0,1,0,2,5,1,1,2,0,0,3,1,0,2,0,2
M_ssac_I6I31_02605/269-287,19,2314.81,10.30,0,7,6.62,2980,2980,13.00,Stable,82.11,0.16,-0.231,1.03,52.63,15.79,36.84,1,0,0,0,1,0,0,1,7,2,0,1,0,1,0,2,0,1,0,2
M_spsd_JMB28_00830/269-291,23,2742.27,10.38,2,9,5.68,1490,1490,38.13,Stable,101.74,0.04,-0.348,1.01,43.48,17.39,34.78,1,0,1,1,0,0,1,3,6,2,0,0,0,0,2,3,1,1,0,1
M_spos_DV702_13355/273-287,15,1562.90,8.72,1,2,0.64,0,0,11.90,Stable,110.67,0.00,0.207,0.99,60.00,13.33,26.67,4,0,0,1,0,0,0,0,1,1,2,0,0,0,1,2,0,3,0,0
M_spop_SporoP37_09275/273-289,17,1892.16,6.11,2,2,-0.36,1490,1490,17.09,Stable,125.88,0.06,0.043,1.00,35.29,17.65,47.06,1,0,0,2,0,1,0,1,1,2,0,0,0,1,1,2,1,3,0,1
M_spic_SAMEA4384060_0212/269-286,18,2368.85,11.60,0,8,7.63,8480,8480,69.68,Unstable,53.89,0.17,-0.338,0.99,27.78,16.67,33.33,0,0,0,0,0,1,0,1,4,0,1,1,0,0,4,1,0,2,1,2
M_spet_CEP67_08110/266-284,19,2237.61,11.12,1,8,5.69,1490,1490,62.47,Unstable,56.32,0.05,-0.463,1.02,36.84,21.05,21.05,1,0,0,1,0,2,1,0,4,1,0,0,1,1,3,1,0,2,0,1
M_sow_QWT69_16185/273-287,15,1605.96,8.56,1,2,0.63,0,0,23.49,Stable,110.67,0.00,0.155,1.00,53.33,13.33,26.67,3,0,0,1,0,0,0,2,2,0,2,0,0,1,0,2,0,2,0,0
M_snl_BJD96_00595/279-301,23,2766.29,10.12,2,7,4.63,2980,2980,13.67,Stable,114.35,0.09,-0.193,1.00,34.78,17.39,43.48,1,0,1,1,0,0,0,4,5,1,0,1,0,0,2,2,1,2,0,2
M_slg_SLGD_00187/266-287,22,2699.16,10.21,2,8,5.63,2980,2980,20.88,Stable,61.82,0.14,-0.465,1.02,36.36,13.64,31.82,1,0,1,1,1,1,0,1,6,0,0,0,0,2,2,1,0,3,0,2
M_sjt_PGH26_14165/271-285,15,1744.11,8.72,2,3,0.64,0,0,39.77,Stable,149.33,0.00,0.123,0.98,33.33,13.33,46.67,1,0,1,1,0,0,0,3,1,1,1,0,0,0,2,1,1,2,0,0
M_sje_AAV35_007825/264-277,14,1669.96,9.70,2,4,1.66,0,0,40.26,Unstable,118.57,0.00,-0.362,1.04,42.86,14.29,28.57,1,0,1,1,0,0,0,3,3,1,0,0,0,2,1,1,0,0,0,0
M_shua_PQ477_11055/267-290,24,2930.32,8.48,5,7,0.69,0,0,40.30,Unstable,97.50,0.00,-0.485,1.02,41.67,16.67,29.17,1,0,3,2,0,0,1,1,3,4,0,0,1,3,3,0,1,1,0,0
M_shom_EGX58_06060/268-288,21,2734.20,9.90,3,9,4.69,8480,8480,12.94,Stable,64.76,0.14,-0.571,1.02,52.38,9.52,33.33,0,0,0,3,0,0,1,1,7,1,0,1,0,0,1,1,0,2,1,2
M_sdev_Q2T90_05250/269-287,19,2410.90,10.54,0,8,7.62,8480,8480,6.33,Stable,61.58,0.16,-0.404,1.02,47.37,10.53,36.84,1,0,0,0,0,0,0,1,7,1,0,1,0,1,1,1,1,1,1,2
M_schr_DWB92_00430/271-293,23,2840.34,9.87,3,7,3.63,2980,2980,57.91,Unstable,80.43,0.09,-0.353,1.02,47.83,21.74,30.43,0,0,0,3,0,0,0,2,5,2,1,1,1,0,2,3,0,1,0,2
M_scar_DWB96_01945/269-287,19,2335.83,10.47,0,7,6.62,2980,2980,7.63,Stable,102.63,0.11,-0.242,1.02,52.63,15.79,36.84,1,0,0,0,0,0,0,1,6,3,0,2,0,1,1,1,0,1,0,2
M_scap_AYP1020_1733/269-287,19,2350.91,10.10,1,8,5.68,2980,2980,26.20,Stable,92.11,0.11,-0.238,1.02,52.63,10.53,42.11,0,0,1,0,0,0,1,1,7,2,1,0,0,0,0,1,1,2,0,2
M_sca_SCA_2274/270-287,18,2322.82,11.60,0,8,7.63,2980,2980,22.44,Stable,75.56,0.11,-0.333,1.00,33.33,16.67,33.33,0,0,0,0,0,1,0,1,4,1,1,2,0,0,4,0,0,2,0,2
M_sbah_RQP18_00375/273-295,23,2767.23,9.99,3,6,2.63,0,0,63.53,Unstable,67.83,0.04,-0.375,1.02,43.48,21.74,26.09,1,0,1,2,1,0,0,2,4,1,2,2,0,1,2,2,1,1,0,0
M_saug_SA268_2478/268-287,20,2510.94,10.29,2,9,4.74,1490,1490,25.59,Stable,78.00,0.10,-0.426,1.01,40.00,15.00,30.00,1,0,1,1,1,0,2,2,5,1,0,1,0,0,2,1,0,1,0,1
M_sapl_U0355_08440/264-277,14,1668.89,6.20,3,3,-0.36,0,0,84.58,Unstable,111.43,0.00,-0.366,1.02,42.86,7.14,28.57,1,0,0,3,0,1,0,2,1,1,0,0,0,2,2,0,0,1,0,0
M_sale_EPH95_02290/271-284,14,1669.89,6.07,2,2,-0.34,1490,1490,5.53,Stable,83.57,0.07,-0.261,1.01,28.57,28.57,35.71,0,0,1,1,0,0,0,3,2,0,1,1,0,1,0,2,1,0,0,1
M_sahz_ACKRAT_11235/273-295,23,2777.29,9.40,4,6,1.63,1490,1490,43.83,Unstable,101.74,0.09,-0.157,1.01,47.83,21.74,34.78,1,0,2,2,1,1,0,2,4,3,1,1,1,0,2,0,0,1,0,1
M_saca_FFV09_08620/261-290,30,3063.33,4.43,5,3,-3.30,0,0,39.12,Stable,94.33,0.03,-0.047,1.00,36.67,36.67,26.67,5,0,3,2,1,3,1,0,1,3,0,1,2,1,1,2,0,4,0,0
M_rts_CE91St31_24600/272-300,29,3279.75,6.28,5,5,-0.36,0,0,33.29,Stable,117.93,0.03,-0.081,1.00,51.72,10.34,31.03,6,0,1,4,1,0,0,1,1,4,0,0,1,2,4,1,0,3,0,0
M_rtf_VQP54_08220/270-289,20,2298.85,9.53,2,4,1.63,0,0,43.13,Unstable,126.50,0.00,0.107,1.00,55.00,20.00,35.00,0,0,0,2,0,1,0,2,4,3,2,1,1,1,0,1,0,2,0,0
M_ross_V2W31_08045/265-278,14,1546.80,8.47,2,3,0.63,0,0,1.16,Stable,125.00,0.00,-0.196,1.03,28.57,28.57,42.86,0,0,1,1,0,0,0,3,3,0,0,0,0,0,0,3,1,2,0,0
M_rmf_D5E69_08435/263-276,14,1505.67,4.68,3,2,-1.36,0,0,3.22,Stable,104.29,0.00,-0.320,1.04,28.57,35.71,35.71,0,0,1,2,0,1,0,3,2,0,0,0,0,0,0,3,1,1,0,0
M_ptri_KDC22_30850/261-285,25,2820.25,9.98,2,4,1.63,1490,1490,22.30,Stable,116.80,0.08,0.080,0.99,28.00,12.00,48.00,3,0,1,1,1,1,0,1,1,2,0,0,0,2,3,1,2,5,0,1
M_psyh_D0S48_20350/255-277,23,2565.00,8.16,2,4,0.67,0,0,37.11,Stable,63.48,0.04,-0.056,1.00,34.78,26.09,26.09,1,1,1,1,1,1,1,1,3,1,2,0,1,2,0,3,1,2,0,0
M_pswu_SY83_14340/262-291,30,3211.53,4.78,5,4,-1.37,5500,5500,10.48,Stable,87.67,0.07,-0.214,1.01,30.00,40.00,36.67,2,0,4,1,1,2,0,2,4,2,0,1,0,0,0,5,2,3,1,0
M_psua_FLK61_30285/264-280,17,1788.00,4.53,2,1,-1.36,0,0,61.06,Unstable,131.76,0.00,0.045,1.00,29.41,29.41,41.18,1,0,0,2,0,1,0,3,1,1,0,1,0,1,0,3,1,2,0,0
M_pshx_QWY21_03950/271-285,15,1760.11,8.72,2,3,0.64,0,0,58.27,Unstable,136.00,0.00,0.037,0.99,33.33,13.33,46.67,0,0,0,2,0,0,0,2,1,1,1,0,0,0,2,2,1,3,0,0
M_proo_MJB10_04020/270-289,20,2260.61,8.56,2,3,0.64,0,0,97.09,Unstable,112.00,0.00,-0.107,1.01,30.00,25.00,35.00,1,0,0,2,0,0,0,4,2,0,1,2,0,1,1,3,1,2,0,0
M_ppsr_I6J18_04210/255-284,30,3310.78,9.11,4,6,1.62,0,0,44.96,Unstable,87.67,0.03,-0.252,1.01,40.00,20.00,33.33,3,1,1,3,1,0,0,1,4,2,0,0,0,1,2,5,2,4,0,0
M_pona_IMZ31_07415/265-282,18,2003.32,6.01,3,3,-0.37,0,0,20.14,Stable,113.89,0.00,-0.212,1.02,44.44,27.78,27.78,2,0,3,0,0,0,0,2,3,2,1,0,0,2,0,2,0,1,0,0
M_pof_GS400_07990/264-277,14,1637.92,6.15,3,3,-0.37,0,0,37.87,Stable,55.71,0.00,-0.486,1.04,57.14,14.29,21.43,1,0,1,2,0,0,0,1,3,0,2,0,0,1,0,1,1,1,0,0
M_pmw_B2K_16060/266-298,33,3756.46,12.00,1,8,6.63,5500,5500,72.29,Unstable,100.61,0.03,-0.014,0.99,42.42,18.18,30.30,5,0,0,1,0,1,0,1,2,4,2,1,0,1,6,4,1,3,1,0
M_pmat_BBI11_15120/264-276,13,1449.63,4.21,2,1,-1.38,0,0,118.41,Unstable,112.31,0.00,-0.132,1.03,23.08,30.77,38.46,0,1,2,0,0,0,0,1,1,2,0,0,0,2,0,2,1,1,0,0
M_pliq_QWY22_17145/265-277,13,1389.62,5.97,1,1,-0.38,0,0,154.28,Unstable,127.69,0.00,0.123,1.02,46.15,15.38,30.77,2,1,0,1,0,0,0,1,1,2,0,0,0,2,0,2,0,1,0,0
M_play_DNR44_006395/264-276,13,1442.68,5.80,1,1,-0.38,0,0,148.48,Unstable,120.00,0.00,0.122,1.02,30.77,23.08,30.77,1,1,1,0,0,0,0,1,1,2,0,0,1,3,0,1,0,1,0,0
M_pgq_FK545_11585/271-285,15,1761.09,8.56,2,3,0.63,0,0,56.03,Unstable,116.67,0.00,-0.105,0.98,33.33,13.33,46.67,0,0,1,1,0,0,0,2,2,1,1,0,0,1,1,1,2,2,0,0
M_pfae_AJGP001_15435/265-277,13,1385.67,8.17,1,2,0.62,0,0,93.33,Unstable,127.69,0.00,0.174,1.02,46.15,23.08,30.77,2,1,1,0,0,0,0,1,2,2,0,0,1,1,0,1,0,1,0,0
M_pchu_QNI29_08895/265-282,18,1942.26,6.01,3,3,-0.37,0,0,4.39,Stable,146.11,0.00,-0.067,1.01,38.89,33.33,38.89,1,0,3,0,0,1,0,2,3,3,0,0,0,1,0,2,0,2,0,0
M_pbd_PBOR_33895/262-286,25,2878.37,10.27,2,5,2.63,1490,1490,9.12,Stable,120.40,0.08,0.069,0.99,24.00,12.00,56.00,1,0,1,1,1,1,0,1,2,2,0,0,0,1,3,1,3,6,0,1
M_pbac_HUB98_14530/261-290,30,3355.00,8.47,3,4,0.63,1490,1490,17.87,Stable,107.33,0.07,0.189,0.99,50.00,20.00,33.33,4,0,1,2,1,1,0,1,2,4,3,0,1,1,2,3,0,3,0,1
M_paun_MJA45_20700/261-290,30,3187.57,10.78,3,6,2.64,1490,1490,64.21,Unstable,88.00,0.03,-0.177,1.01,40.00,26.67,23.33,6,0,0,3,0,2,0,1,1,2,0,0,1,0,5,5,0,3,0,1
M_paea_R70723_30720/262-292,31,3289.81,11.45,2,7,4.63,1490,1490,28.55,Stable,91.61,0.03,-0.087,1.00,48.39,19.35,29.03,7,0,1,1,0,3,0,0,2,4,1,0,0,0,5,2,2,2,0,1
M_oih_OB2460/269-284,16,1827.15,8.72,0,1,0.63,5500,5500,51.22,Unstable,97.50,0.06,0.354,1.00,31.25,25.00,43.75,1,0,0,0,0,0,0,1,1,2,1,1,2,2,0,1,2,1,1,0
M_ocs_OF820_08595/262-264,3,331.41,10.00,0,2,1.66,0,0,-21.63,Stable,0.00,0.00,-1.027,0.00,66.67,33.33,0.00,0,0,0,0,0,1,0,0,2,0,0,0,0,0,0,0,0,0,0,0
M_ntx_NQZ71_26155/273-292,20,2172.50,4.79,3,2,-1.36,0,0,38.76,Stable,121.50,0.00,0.021,1.00,45.00,20.00,40.00,1,0,0,3,0,2,0,0,1,3,1,1,0,1,1,1,1,4,0,0
M_mlit_KDJ21_000495/266-280,15,1534.66,4.53,2,1,-1.36,0,0,22.57,Stable,97.33,0.00,-0.139,1.02,26.67,40.00,40.00,0,0,0,2,0,2,0,2,1,1,0,1,0,0,0,3,2,1,0,0
M_mlen_H3V22_08595/269-291,23,2781.28,10.64,1,7,5.63,2980,2980,71.65,Unstable,76.09,0.09,-0.229,1.01,26.09,26.09,34.78,0,0,0,1,0,1,0,3,4,0,1,2,1,0,3,2,1,2,0,2
M_mequ_KFV11_00690/269-294,26,2876.38,10.28,1,4,2.63,1490,1490,23.31,Stable,120.00,0.04,0.112,0.99,42.31,23.08,42.31,2,0,0,1,0,2,0,1,2,5,1,2,0,1,2,2,2,2,0,1
M_mepi_KFV12_00565/268-288,21,2490.85,8.36,3,5,0.69,2980,2980,-6.83,Stable,106.67,0.10,-0.172,0.99,38.10,14.29,42.86,1,0,1,2,0,1,1,2,3,2,0,0,0,1,1,1,1,2,0,2
M_menl_MVE64_00090/270-298,29,3320.68,4.36,6,3,-3.36,0,0,36.49,Stable,97.24,0.03,-0.231,1.00,34.48,24.14,41.38,1,0,2,4,1,1,0,2,2,2,1,4,0,1,1,0,3,4,0,0
M_mcui_G8O30_03230/264-276,13,1351.52,4.37,2,1,-1.36,0,0,47.15,Unstable,97.69,0.00,-0.081,1.03,46.15,30.77,30.77,2,0,1,1,0,0,0,1,1,1,1,0,0,0,0,3,1,1,0,0
M_mcg_GL4_3107/303-336,34,3675.31,8.94,2,4,1.32,5500,5625,86.34,Unstable,80.29,0.03,0.114,0.99,32.35,29.41,32.35,3,2,1,1,0,1,0,1,1,3,3,0,1,0,3,7,3,3,1,0
M_mbru_MGG13_00645/267-288,22,2605.02,10.27,2,5,2.63,1490,1490,21.78,Stable,101.82,0.05,-0.185,1.00,40.91,18.18,31.82,2,0,0,2,0,0,0,1,2,2,1,2,0,1,3,2,0,3,0,1
M_mboc_QSV55_01040/267-288,22,2679.06,9.69,3,5,1.64,1490,1490,60.17,Unstable,92.73,0.05,-0.334,1.01,36.36,22.73,31.82,0,0,0,3,0,0,0,1,2,2,1,2,0,1,3,3,0,3,0,1
M_marr_BKP56_12410/275-294,20,2365.75,10.29,1,5,3.28,1490,1490,24.15,Stable,102.50,0.05,-0.157,0.99,40.00,25.00,35.00,1,1,0,1,0,0,0,1,2,4,0,2,0,0,3,3,1,0,0,1
M_macr_BHM04_10280/268-287,20,2451.95,10.12,2,7,4.63,2980,2980,4.61,Stable,117.00,0.10,-0.229,1.01,55.00,15.00,40.00,1,0,1,1,0,0,0,1,5,4,0,0,0,0,2,2,0,1,0,2
M_lle_AYR59_01030/274-291,18,2172.62,10.56,1,6,4.63,1490,1490,26.77,Stable,118.89,0.06,-0.204,0.99,38.89,11.11,38.89,1,0,1,0,0,0,0,1,4,2,0,0,0,2,2,1,0,3,0,1
M_larg_LPA65_13980/269-293,25,2809.25,8.50,3,5,0.72,0,0,30.09,Stable,101.60,0.00,-0.172,1.01,60.00,8.00,32.00,4,0,0,3,0,0,1,0,3,4,1,1,0,2,1,1,2,2,0,0
M_jpo_G7058_05440/272-291,20,2455.04,10.27,3,6,2.64,0,0,53.45,Unstable,117.00,0.00,-0.073,0.99,60.00,5.00,35.00,1,0,0,3,0,0,0,2,3,3,2,0,1,0,3,0,1,1,0,0
M_jep_BW721_07655/273-292,20,2416.01,11.07,2,7,4.63,0,0,66.33,Unstable,87.50,0.05,-0.096,0.99,55.00,10.00,30.00,1,0,0,2,1,1,0,0,4,2,2,0,1,0,3,0,0,3,0,0
M_jeo_JMA_13810/263-276,14,1619.81,6.04,2,2,-0.37,1490,1490,38.43,Stable,97.14,0.07,-0.206,1.03,35.71,35.71,35.71,0,0,1,1,0,0,0,0,2,2,0,1,1,1,0,2,0,2,0,1
M_jem_LZ578_02805/273-299,27,3153.73,8.35,4,5,0.64,0,0,72.36,Unstable,118.89,0.00,-0.139,1.02,51.85,14.81,40.74,0,0,0,4,0,0,0,2,5,4,1,2,1,2,0,1,2,3,0,0
M_jda_BW727_102020/272-291,20,2285.71,10.28,2,5,2.63,5500,5500,53.42,Unstable,93.00,0.05,-0.132,1.00,65.00,5.00,25.00,5,0,0,2,0,0,0,0,3,2,1,0,0,1,2,1,0,2,1,0
M_hsan_MUN89_15050/265-278,14,1656.88,6.15,3,3,-0.36,0,0,49.46,Unstable,111.43,0.00,-0.426,1.04,35.71,14.29,28.57,1,0,1,2,0,0,0,3,2,0,0,0,0,2,1,1,0,1,0,0
M_hmn_HM131_12855/265-278,14,1645.92,8.47,2,3,0.63,0,0,20.79,Stable,83.57,0.00,-0.408,1.03,42.86,14.29,21.43,1,0,1,1,0,0,0,2,3,0,1,0,0,3,0,1,0,1,0,0
M_hli_HLI_02860/265-278,14,1645.92,8.47,2,3,0.63,0,0,20.79,Stable,83.57,0.00,-0.408,1.03,42.86,14.29,21.43,1,0,1,1,0,0,0,2,3,0,1,0,0,3,0,1,0,1,0,0
M_hhd_HBHAL_2762/265-278,14,1648.94,6.04,2,2,-0.37,0,0,20.79,Stable,83.57,0.00,-0.219,1.02,42.86,14.29,21.43,1,0,1,1,0,0,0,2,2,0,2,0,0,3,0,1,0,1,0,0
M_hamy_MUO15_10550/270-298,29,3099.64,8.35,4,5,0.63,0,0,24.68,Stable,124.48,0.00,-0.084,1.01,62.07,24.14,31.03,4,0,2,2,0,1,0,0,5,6,1,1,0,1,0,3,0,3,0,0
M_gsm_MUN87_19310/271-285,15,1726.90,4.05,4,1,-4.27,0,0,73.87,Unstable,117.33,0.00,-0.141,1.02,60.00,13.33,26.67,2,0,1,3,0,0,1,1,0,3,1,0,0,2,0,1,0,0,0,0
M_fpn_ABE65_002085/265-280,16,1670.00,9.70,1,3,1.63,0,0,23.77,Stable,140.00,0.00,0.083,1.01,50.00,18.75,37.50,2,0,0,1,0,1,0,1,3,2,0,0,0,1,0,2,0,3,0,0
M_fcp_M3M37_06690/271-289,19,2358.90,9.88,0,4,3.62,9970,9970,12.58,Stable,158.95,0.21,0.446,0.98,42.11,15.79,63.16,0,0,0,0,0,0,0,3,4,4,0,0,0,0,0,3,0,1,1,3
M_eyy_EGYY_04210/272-293,22,2238.52,4.79,3,2,-1.36,0,0,52.38,Unstable,93.64,0.00,-0.004,0.99,59.09,13.64,18.18,7,0,0,3,0,2,0,0,0,2,1,0,1,2,2,0,0,2,0,0
M_exm_U719_03905/265-277,13,1573.94,11.17,0,3,2.63,5500,5500,86.65,Unstable,120.00,0.08,0.242,1.00,46.15,7.69,46.15,1,0,0,0,0,0,0,1,2,2,1,0,0,1,1,1,1,1,1,0
M_esy_ACMHDP_03035/270-286,17,2052.49,11.72,1,6,3.69,0,0,85.40,Unstable,114.71,0.00,-0.078,0.99,41.18,5.88,41.18,1,0,0,1,0,0,1,2,2,2,1,0,0,0,3,1,2,1,0,0
M_esi_Exig_0737/263-275,13,1573.94,11.17,0,3,2.63,5500,5500,86.65,Unstable,120.00,0.08,0.242,1.00,46.15,7.69,46.15,1,0,0,0,0,0,0,1,2,2,1,0,0,1,1,1,1,1,1,0
M_emu_EMQU_2797/270-298,29,3383.98,10.56,1,6,4.63,1490,1490,63.60,Unstable,117.59,0.03,-0.046,1.01,34.48,17.24,41.38,1,0,0,1,0,0,0,3,4,4,0,1,1,4,2,3,2,2,0,1
M_elim_B2M23_13180/263-287,25,2892.37,12.00,0,5,4.63,1490,1490,45.20,Unstable,109.20,0.04,0.048,0.99,32.00,24.00,36.00,2,0,0,0,0,1,0,0,1,5,0,2,2,3,4,1,1,2,0,1
M_ele_Elen_2267/271-292,22,2356.63,5.01,5,4,-1.36,0,0,28.49,Stable,102.27,0.00,-0.325,1.01,63.64,13.64,27.27,5,0,1,4,0,1,0,0,2,3,0,0,0,0,2,1,1,2,0,0
M_ehr_EHR_05365/270-289,20,2468.89,9.87,1,6,3.68,4470,4470,8.84,Stable,102.00,0.15,-0.127,1.01,40.00,15.00,45.00,0,0,0,1,0,0,1,0,4,3,0,0,0,1,1,3,0,3,0,3
M_egv_EGCR1_04840/270-294,25,2949.50,11.75,1,9,6.68,0,0,56.49,Unstable,101.60,0.04,-0.229,1.00,48.00,16.00,32.00,3,0,1,0,1,0,1,1,5,4,0,2,0,1,3,1,1,1,0,0
M_egd_GS424_012835/272-293,22,2222.46,4.78,4,3,-1.36,0,0,34.87,Stable,97.73,0.00,-0.160,1.00,45.45,27.27,22.73,5,0,2,2,0,3,0,0,1,2,0,0,1,1,2,0,0,3,0,0
M_ega_AL523_15525/284-307,24,2984.57,11.07,2,7,4.63,5500,5500,85.45,Unstable,81.25,0.08,-0.156,1.00,45.83,8.33,33.33,1,0,0,2,1,1,0,1,4,3,1,0,1,3,3,0,1,1,1,0
M_edu_LIU_01925/270-296,27,3279.79,10.27,2,6,2.72,1490,1490,22.70,Stable,111.85,0.11,0.025,1.00,29.63,18.52,48.15,0,0,0,2,2,0,1,3,2,4,0,1,0,1,3,4,2,1,0,1
M_ecto_MUG87_16910/265-285,21,2491.86,5.42,5,5,-2.25,0,0,77.84,Unstable,115.71,0.00,-0.273,1.01,47.62,14.29,33.33,0,0,1,4,0,0,2,2,3,2,1,0,0,1,0,2,0,3,0,0
M_eaur_NMQ00_11645/267-279,13,1398.73,10.30,0,3,2.63,0,0,-16.89,Stable,150.00,0.00,0.188,1.02,53.85,15.38,46.15,1,0,0,0,0,1,0,1,3,3,0,0,0,1,0,1,1,1,0,0
M_eat_EAT1b_2492/267-279,13,1398.73,10.30,0,3,2.63,0,0,8.18,Stable,150.00,0.00,0.186,1.02,61.54,15.38,46.15,1,0,0,0,0,1,0,0,3,4,0,0,0,1,0,1,1,1,0,0
M_eap_KB235_12910/267-279,13,1426.75,11.17,0,3,2.63,0,0,14.72,Stable,150.00,0.00,0.189,1.02,53.85,15.38,46.15,1,0,0,0,0,1,0,0,2,4,0,0,0,1,1,1,1,1,0,0
M_dinc_QNK01_06850/273-295,23,2750.10,8.71,3,4,0.64,0,0,47.94,Unstable,67.83,0.09,-0.199,1.01,34.78,26.09,26.09,1,0,0,3,2,1,0,1,1,2,1,2,1,2,3,2,0,1,0,0
M_cspg_LS684_05850/264-276,13,1512.77,6.72,2,3,-0.31,0,0,39.46,Stable,120.00,0.00,-0.035,1.01,38.46,15.38,38.46,1,0,1,1,0,0,1,2,1,1,1,0,0,0,1,1,1,1,0,0
M_crn_CAR_c19230/278-291,14,1720.04,9.99,1,3,1.63,1490,1490,48.53,Unstable,104.29,0.07,0.031,0.99,28.57,21.43,35.71,0,0,0,1,0,0,0,2,1,1,1,0,1,1,2,2,0,1,0,1
M_cohn_KCTCHS21_30310/261-286,26,2991.55,10.17,2,6,3.63,1490,1490,54.44,Unstable,97.69,0.08,-0.019,1.01,50.00,19.23,34.62,3,0,0,2,1,1,0,2,4,3,1,2,1,0,2,1,1,1,0,1
M_cohl_J4772_05580/270-286,17,1887.18,8.15,1,2,0.62,1490,1490,-0.37,Stable,85.88,0.06,-0.016,1.00,29.41,29.41,35.29,1,1,0,1,0,0,0,2,2,0,1,2,0,0,0,3,1,2,0,1
M_cgot_J1899_01865/274-300,27,3181.58,9.96,5,7,1.67,0,0,93.72,Unstable,72.22,0.04,-0.452,1.01,33.33,25.93,25.93,1,0,1,4,1,1,0,3,2,1,1,0,0,0,5,5,1,1,0,0
M_caw_Q783_08815/273-286,14,1725.08,9.70,1,3,1.63,1490,1490,21.12,Stable,83.57,0.07,-0.079,0.99,42.86,7.14,28.57,1,0,0,1,0,0,0,2,2,0,2,0,0,2,1,1,0,1,0,1
M_bwh_A9C19_15130/267-281,15,1636.82,4.25,3,1,-2.36,0,0,41.07,Unstable,97.33,0.00,-0.177,1.02,40.00,33.33,33.33,0,0,0,3,0,1,0,2,1,1,1,1,0,0,0,3,1,1,0,0
M_bse_Bsel_2213/264-283,20,2269.47,5.53,4,4,-1.31,0,0,38.47,Stable,83.00,0.00,-0.472,1.02,35.00,20.00,30.00,2,0,1,3,0,0,1,3,2,0,0,1,0,1,1,2,2,1,0,0
M_bpf_BpOF4_14560/265-279,15,1718.92,4.05,5,1,-4.36,0,0,46.06,Unstable,110.67,0.00,-0.276,1.02,66.67,6.67,33.33,2,0,1,4,0,0,0,1,1,2,1,0,0,1,0,0,1,1,0,0
M_bmur_ABE28_002615/272-300,29,3066.45,8.47,3,4,0.63,0,0,28.87,Stable,71.03,0.07,-0.118,1.00,48.28,20.69,27.59,7,0,1,2,2,2,0,1,3,1,1,3,0,1,1,0,2,2,0,0
M_bmq_BMQ_0656/267-282,16,1708.03,10.30,0,3,2.63,0,0,-2.82,Stable,85.00,0.00,-0.053,1.02,25.00,25.00,43.75,0,0,0,0,0,1,0,2,3,0,1,0,0,1,0,3,3,2,0,0
M_bko_CKF48_16150/269-287,19,2197.44,4.05,4,1,-3.61,1490,1490,23.14,Stable,107.89,0.05,-0.077,1.00,31.58,36.84,36.84,2,0,4,0,0,0,0,2,0,2,2,3,0,0,1,0,1,1,0,1
M_bif_N288_07345/266-278,13,1471.74,8.56,2,3,0.64,0,0,27.78,Stable,127.69,0.00,-0.121,1.02,61.54,0.00,46.15,2,0,0,2,0,0,0,1,2,2,0,0,0,0,1,0,2,1,0,0
M_bif_N288_02865/270-298,29,3260.76,8.40,5,6,0.64,0,0,43.37,Unstable,94.14,0.03,-0.237,1.00,48.28,13.79,34.48,4,0,2,3,1,1,0,1,4,2,1,1,0,1,2,0,2,4,0,0
M_bham_ABN702_13485/265-277,13,1501.64,4.37,2,1,-1.36,0,0,57.05,Unstable,112.31,0.00,-0.298,1.03,15.38,30.77,30.77,0,0,1,1,0,0,0,3,1,0,0,1,0,3,0,2,0,1,0,0
M_bco_Bcell_3989/264-279,16,1824.20,10.30,0,4,2.69,0,0,80.74,Unstable,97.50,0.00,-0.033,1.00,43.75,0.00,37.50,2,0,0,0,0,0,1,1,3,1,1,0,0,3,0,0,2,2,0,0
M_bbev_BBEV_1362/264-278,15,1816.10,8.50,3,4,0.67,0,0,29.35,Stable,104.00,0.00,-0.450,1.03,40.00,6.67,40.00,0,0,0,3,0,0,0,4,3,0,0,0,0,1,1,1,2,0,0,0
M_bacw_QR42_05250/266-279,14,1600.85,4.68,3,2,-1.33,0,0,67.44,Unstable,146.43,0.00,-0.109,1.01,50.00,14.29,42.86,1,0,1,2,0,0,0,3,2,2,0,0,0,1,0,1,1,0,0,0
M_bacv_I7V34_16105/267-282,16,1745.96,4.41,4,2,-2.36,0,0,33.82,Stable,127.50,0.00,-0.201,1.02,43.75,25.00,43.75,0,0,1,3,0,1,0,1,2,2,0,0,0,0,0,2,1,3,0,0
M_bacq_DOE78_06250/266-278,13,1358.58,6.07,2,2,-0.33,0,0,5.95,Stable,135.38,0.00,-0.009,1.04,53.85,23.08,38.46,2,0,1,1,0,1,0,2,2,2,0,0,0,0,0,1,1,0,0,0
M_awi_CHL1_000150/265-286,22,2521.91,9.53,1,3,1.63,6990,6990,39.81,Stable,93.18,0.14,0.117,1.00,40.91,22.73,40.91,2,0,0,1,1,1,0,1,3,3,0,1,1,2,0,2,1,1,1,1
M_aui_APT62_02920/281-300,20,2474.92,10.27,2,5,2.29,1490,1490,33.66,Stable,117.00,0.05,-0.130,0.99,35.00,15.00,40.00,1,0,1,1,0,0,0,3,2,2,1,2,0,1,3,0,1,1,0,1
M_apal_BN85410530/268-284,17,1918.20,8.57,2,4,0.70,0,0,-11.70,Stable,114.71,0.00,-0.124,1.00,41.18,23.53,29.41,2,0,0,2,0,0,1,2,2,1,0,2,1,0,1,1,0,2,0,0
M_aoc_Aocu_02610/272-288,17,2125.43,9.52,3,5,1.63,1490,1490,84.92,Unstable,80.00,0.12,-0.432,1.03,35.29,17.65,35.29,0,0,0,3,1,0,0,2,3,0,0,1,0,0,2,2,0,2,0,1
M_amaj_ACIUZZ_00875/265-288,24,2957.58,11.00,1,4,2.63,11000,11000,31.96,Stable,130.00,0.12,0.396,0.98,45.83,12.50,54.17,1,0,0,1,1,0,0,1,2,6,1,1,1,1,2,1,2,1,2,0
M_ahk_NCTC10172_00272/267-283,17,2094.47,8.40,3,4,0.64,1490,1490,-8.66,Stable,108.82,0.06,-0.221,1.01,47.06,11.76,41.18,0,0,0,3,0,0,0,3,3,1,1,1,0,0,1,1,1,1,0,1
M_ahal_FTX54_007650/264-280,17,1887.14,4.79,3,2,-1.36,0,0,57.58,Unstable,131.76,0.00,-0.146,1.01,47.06,23.53,35.29,1,0,0,3,0,0,0,2,2,2,0,1,0,1,0,3,0,2,0,0
M_afl_Aflv_2199/265-285,21,2283.54,4.95,4,3,-1.36,0,0,57.16,Unstable,101.90,0.00,-0.291,1.02,42.86,23.81,28.57,1,0,0,4,0,3,0,1,2,2,0,1,0,2,1,1,0,3,0,0
M_acl_ACL_1415/272-286,15,1807.10,8.40,3,4,0.63,1490,1490,16.51,Stable,116.67,0.07,-0.329,1.03,40.00,20.00,40.00,0,0,1,2,0,0,0,2,3,1,0,0,0,0,1,2,0,2,0,1
M_achp_QR721_06830/271-295,25,2935.51,9.52,3,5,1.63,1490,1490,47.69,Unstable,124.80,0.04,-0.005,0.99,52.00,20.00,36.00,2,0,1,2,0,0,0,2,3,4,2,2,0,0,2,2,0,2,0,1
M_aaxa_NCTC10138_01637/269-286,18,2191.56,6.36,5,5,-0.36,1490,1490,23.03,Stable,118.89,0.06,-0.444,1.01,61.11,11.11,38.89,0,0,1,4,0,0,0,2,5,2,0,0,0,0,0,1,0,2,0,1
